classfication,type1,type2,image_path,combined,numeric_label
Seed,grass,poison,/home/chiragjishu/chirag/DiT/nanoDiT/dataset/pokemon_jpg/pokemon_jpg/1.jpg,grass_poison,70
Seed,grass,poison,/home/chiragjishu/chirag/DiT/nanoDiT/dataset/pokemon_jpg/pokemon_jpg/2.jpg,grass_poison,70
Seed,grass,poison,/home/chiragjishu/chirag/DiT/nanoDiT/dataset/pokemon_jpg/pokemon_jpg/3.jpg,grass_poison,70
Lizard,fire,,/home/chiragjishu/chirag/DiT/nanoDiT/dataset/pokemon_jpg/pokemon_jpg/4.jpg,fire,42
Flame,fire,,/home/chiragjishu/chirag/DiT/nanoDiT/dataset/pokemon_jpg/pokemon_jpg/5.jpg,fire,42
Flame,fire,flying,/home/chiragjishu/chirag/DiT/nanoDiT/dataset/pokemon_jpg/pokemon_jpg/6.jpg,fire_flying,45
Tiny,water,,/home/chiragjishu/chirag/DiT/nanoDiT/dataset/pokemon_jpg/pokemon_jpg/7.jpg,water,137
Turtle,water,,/home/chiragjishu/chirag/DiT/nanoDiT/dataset/pokemon_jpg/pokemon_jpg/8.jpg,water,137
Shellfish,water,,/home/chiragjishu/chirag/DiT/nanoDiT/dataset/pokemon_jpg/pokemon_jpg/9.jpg,water,137
Worm,bug,,/home/chiragjishu/chirag/DiT/nanoDiT/dataset/pokemon_jpg/pokemon_jpg/10.jpg,bug,0
Cocoon,bug,,/home/chiragjishu/chirag/DiT/nanoDiT/dataset/pokemon_jpg/pokemon_jpg/11.jpg,bug,0
Butterfly,bug,flying,/home/chiragjishu/chirag/DiT/nanoDiT/dataset/pokemon_jpg/pokemon_jpg/12.jpg,bug_flying,4
Hairy,bug,poison,/home/chiragjishu/chirag/DiT/nanoDiT/dataset/pokemon_jpg/pokemon_jpg/13.jpg,bug_poison,8
Cocoon,bug,poison,/home/chiragjishu/chirag/DiT/nanoDiT/dataset/pokemon_jpg/pokemon_jpg/14.jpg,bug_poison,8
Poison,bug,poison,/home/chiragjishu/chirag/DiT/nanoDiT/dataset/pokemon_jpg/pokemon_jpg/15.jpg,bug_poison,8
Tiny,normal,flying,/home/chiragjishu/chirag/DiT/nanoDiT/dataset/pokemon_jpg/pokemon_jpg/16.jpg,normal_flying,94
Bird,normal,flying,/home/chiragjishu/chirag/DiT/nanoDiT/dataset/pokemon_jpg/pokemon_jpg/17.jpg,normal_flying,94
Bird,normal,flying,/home/chiragjishu/chirag/DiT/nanoDiT/dataset/pokemon_jpg/pokemon_jpg/18.jpg,normal_flying,94
Mouse,normal,dark,/home/chiragjishu/chirag/DiT/nanoDiT/dataset/pokemon_jpg/pokemon_jpg/19.jpg,normal_dark,92
Mouse,normal,dark,/home/chiragjishu/chirag/DiT/nanoDiT/dataset/pokemon_jpg/pokemon_jpg/20.jpg,normal_dark,92
Tiny,normal,flying,/home/chiragjishu/chirag/DiT/nanoDiT/dataset/pokemon_jpg/pokemon_jpg/21.jpg,normal_flying,94
Beak,normal,flying,/home/chiragjishu/chirag/DiT/nanoDiT/dataset/pokemon_jpg/pokemon_jpg/22.jpg,normal_flying,94
Snake,poison,,/home/chiragjishu/chirag/DiT/nanoDiT/dataset/pokemon_jpg/pokemon_jpg/23.jpg,poison,99
Cobra,poison,,/home/chiragjishu/chirag/DiT/nanoDiT/dataset/pokemon_jpg/pokemon_jpg/24.jpg,poison,99
Mouse,electric,,/home/chiragjishu/chirag/DiT/nanoDiT/dataset/pokemon_jpg/pokemon_jpg/25.jpg,electric,28
Mouse,electric,electric,/home/chiragjishu/chirag/DiT/nanoDiT/dataset/pokemon_jpg/pokemon_jpg/26.jpg,electric_electric,29
Mouse,ground,ice,/home/chiragjishu/chirag/DiT/nanoDiT/dataset/pokemon_jpg/pokemon_jpg/27.jpg,ground_ice,81
Mouse,ground,ice,/home/chiragjishu/chirag/DiT/nanoDiT/dataset/pokemon_jpg/pokemon_jpg/28.jpg,ground_ice,81
Poison,poison,,/home/chiragjishu/chirag/DiT/nanoDiT/dataset/pokemon_jpg/pokemon_jpg/29.jpg,poison,99
Poison,poison,,/home/chiragjishu/chirag/DiT/nanoDiT/dataset/pokemon_jpg/pokemon_jpg/30.jpg,poison,99
Drill,poison,ground,/home/chiragjishu/chirag/DiT/nanoDiT/dataset/pokemon_jpg/pokemon_jpg/31.jpg,poison_ground,105
Poison,poison,,/home/chiragjishu/chirag/DiT/nanoDiT/dataset/pokemon_jpg/pokemon_jpg/32.jpg,poison,99
Poison,poison,,/home/chiragjishu/chirag/DiT/nanoDiT/dataset/pokemon_jpg/pokemon_jpg/33.jpg,poison,99
Drill,poison,ground,/home/chiragjishu/chirag/DiT/nanoDiT/dataset/pokemon_jpg/pokemon_jpg/34.jpg,poison_ground,105
Fairy,fairy,,/home/chiragjishu/chirag/DiT/nanoDiT/dataset/pokemon_jpg/pokemon_jpg/35.jpg,fairy,35
Fairy,fairy,,/home/chiragjishu/chirag/DiT/nanoDiT/dataset/pokemon_jpg/pokemon_jpg/36.jpg,fairy,35
Fox,fire,ice,/home/chiragjishu/chirag/DiT/nanoDiT/dataset/pokemon_jpg/pokemon_jpg/37.jpg,fire_ice,47
Fox,fire,ice,/home/chiragjishu/chirag/DiT/nanoDiT/dataset/pokemon_jpg/pokemon_jpg/38.jpg,fire_ice,47
Balloon,normal,fairy,/home/chiragjishu/chirag/DiT/nanoDiT/dataset/pokemon_jpg/pokemon_jpg/39.jpg,normal_fairy,93
Balloon,normal,fairy,/home/chiragjishu/chirag/DiT/nanoDiT/dataset/pokemon_jpg/pokemon_jpg/40.jpg,normal_fairy,93
Bat,poison,flying,/home/chiragjishu/chirag/DiT/nanoDiT/dataset/pokemon_jpg/pokemon_jpg/41.jpg,poison_flying,104
Bat,poison,flying,/home/chiragjishu/chirag/DiT/nanoDiT/dataset/pokemon_jpg/pokemon_jpg/42.jpg,poison_flying,104
Weed,grass,poison,/home/chiragjishu/chirag/DiT/nanoDiT/dataset/pokemon_jpg/pokemon_jpg/43.jpg,grass_poison,70
Weed,grass,poison,/home/chiragjishu/chirag/DiT/nanoDiT/dataset/pokemon_jpg/pokemon_jpg/44.jpg,grass_poison,70
Flower,grass,poison,/home/chiragjishu/chirag/DiT/nanoDiT/dataset/pokemon_jpg/pokemon_jpg/45.jpg,grass_poison,70
Mushroom,bug,grass,/home/chiragjishu/chirag/DiT/nanoDiT/dataset/pokemon_jpg/pokemon_jpg/46.jpg,bug_grass,6
Mushroom,bug,grass,/home/chiragjishu/chirag/DiT/nanoDiT/dataset/pokemon_jpg/pokemon_jpg/47.jpg,bug_grass,6
Insect,bug,poison,/home/chiragjishu/chirag/DiT/nanoDiT/dataset/pokemon_jpg/pokemon_jpg/48.jpg,bug_poison,8
Poison,bug,poison,/home/chiragjishu/chirag/DiT/nanoDiT/dataset/pokemon_jpg/pokemon_jpg/49.jpg,bug_poison,8
Mole,ground,ground,/home/chiragjishu/chirag/DiT/nanoDiT/dataset/pokemon_jpg/pokemon_jpg/50.jpg,ground_ground,80
Mole,ground,ground,/home/chiragjishu/chirag/DiT/nanoDiT/dataset/pokemon_jpg/pokemon_jpg/51.jpg,ground_ground,80
Scratch,normal,dark,/home/chiragjishu/chirag/DiT/nanoDiT/dataset/pokemon_jpg/pokemon_jpg/52.jpg,normal_dark,92
Classy,normal,dark,/home/chiragjishu/chirag/DiT/nanoDiT/dataset/pokemon_jpg/pokemon_jpg/53.jpg,normal_dark,92
Duck,water,,/home/chiragjishu/chirag/DiT/nanoDiT/dataset/pokemon_jpg/pokemon_jpg/54.jpg,water,137
Duck,water,,/home/chiragjishu/chirag/DiT/nanoDiT/dataset/pokemon_jpg/pokemon_jpg/55.jpg,water,137
Pig,fighting,,/home/chiragjishu/chirag/DiT/nanoDiT/dataset/pokemon_jpg/pokemon_jpg/56.jpg,fighting,37
Pig,fighting,,/home/chiragjishu/chirag/DiT/nanoDiT/dataset/pokemon_jpg/pokemon_jpg/57.jpg,fighting,37
Puppy,fire,,/home/chiragjishu/chirag/DiT/nanoDiT/dataset/pokemon_jpg/pokemon_jpg/58.jpg,fire,42
Legendary,fire,,/home/chiragjishu/chirag/DiT/nanoDiT/dataset/pokemon_jpg/pokemon_jpg/59.jpg,fire,42
Tadpole,water,,/home/chiragjishu/chirag/DiT/nanoDiT/dataset/pokemon_jpg/pokemon_jpg/60.jpg,water,137
Tadpole,water,,/home/chiragjishu/chirag/DiT/nanoDiT/dataset/pokemon_jpg/pokemon_jpg/61.jpg,water,137
Tadpole,water,fighting,/home/chiragjishu/chirag/DiT/nanoDiT/dataset/pokemon_jpg/pokemon_jpg/62.jpg,water_fighting,142
Psi,psychic,,/home/chiragjishu/chirag/DiT/nanoDiT/dataset/pokemon_jpg/pokemon_jpg/63.jpg,psychic,108
Psi,psychic,,/home/chiragjishu/chirag/DiT/nanoDiT/dataset/pokemon_jpg/pokemon_jpg/64.jpg,psychic,108
Psi,psychic,,/home/chiragjishu/chirag/DiT/nanoDiT/dataset/pokemon_jpg/pokemon_jpg/65.jpg,psychic,108
Superpower,fighting,,/home/chiragjishu/chirag/DiT/nanoDiT/dataset/pokemon_jpg/pokemon_jpg/66.jpg,fighting,37
Superpower,fighting,,/home/chiragjishu/chirag/DiT/nanoDiT/dataset/pokemon_jpg/pokemon_jpg/67.jpg,fighting,37
Superpower,fighting,,/home/chiragjishu/chirag/DiT/nanoDiT/dataset/pokemon_jpg/pokemon_jpg/68.jpg,fighting,37
Flower,grass,poison,/home/chiragjishu/chirag/DiT/nanoDiT/dataset/pokemon_jpg/pokemon_jpg/69.jpg,grass_poison,70
Flycatcher,grass,poison,/home/chiragjishu/chirag/DiT/nanoDiT/dataset/pokemon_jpg/pokemon_jpg/70.jpg,grass_poison,70
Flycatcher,grass,poison,/home/chiragjishu/chirag/DiT/nanoDiT/dataset/pokemon_jpg/pokemon_jpg/71.jpg,grass_poison,70
Jellyfish,water,poison,/home/chiragjishu/chirag/DiT/nanoDiT/dataset/pokemon_jpg/pokemon_jpg/72.jpg,water_poison,148
Jellyfish,water,poison,/home/chiragjishu/chirag/DiT/nanoDiT/dataset/pokemon_jpg/pokemon_jpg/73.jpg,water_poison,148
Rock,rock,ground,/home/chiragjishu/chirag/DiT/nanoDiT/dataset/pokemon_jpg/pokemon_jpg/74.jpg,rock_ground,123
Rock,rock,ground,/home/chiragjishu/chirag/DiT/nanoDiT/dataset/pokemon_jpg/pokemon_jpg/75.jpg,rock_ground,123
Megaton,rock,ground,/home/chiragjishu/chirag/DiT/nanoDiT/dataset/pokemon_jpg/pokemon_jpg/76.jpg,rock_ground,123
Fire,fire,,/home/chiragjishu/chirag/DiT/nanoDiT/dataset/pokemon_jpg/pokemon_jpg/77.jpg,fire,42
Fire,fire,,/home/chiragjishu/chirag/DiT/nanoDiT/dataset/pokemon_jpg/pokemon_jpg/78.jpg,fire,42
Dopey,water,psychic,/home/chiragjishu/chirag/DiT/nanoDiT/dataset/pokemon_jpg/pokemon_jpg/79.jpg,water_psychic,149
Hermit,water,psychic,/home/chiragjishu/chirag/DiT/nanoDiT/dataset/pokemon_jpg/pokemon_jpg/80.jpg,water_psychic,149
Magnet,electric,steel,/home/chiragjishu/chirag/DiT/nanoDiT/dataset/pokemon_jpg/pokemon_jpg/81.jpg,electric_steel,34
Magnet,electric,steel,/home/chiragjishu/chirag/DiT/nanoDiT/dataset/pokemon_jpg/pokemon_jpg/82.jpg,electric_steel,34
Wild,normal,flying,/home/chiragjishu/chirag/DiT/nanoDiT/dataset/pokemon_jpg/pokemon_jpg/83.jpg,normal_flying,94
Twin,normal,flying,/home/chiragjishu/chirag/DiT/nanoDiT/dataset/pokemon_jpg/pokemon_jpg/84.jpg,normal_flying,94
Triple,normal,flying,/home/chiragjishu/chirag/DiT/nanoDiT/dataset/pokemon_jpg/pokemon_jpg/85.jpg,normal_flying,94
Sea,water,,/home/chiragjishu/chirag/DiT/nanoDiT/dataset/pokemon_jpg/pokemon_jpg/86.jpg,water,137
Sea,water,ice,/home/chiragjishu/chirag/DiT/nanoDiT/dataset/pokemon_jpg/pokemon_jpg/87.jpg,water_ice,147
Sludge,poison,poison,/home/chiragjishu/chirag/DiT/nanoDiT/dataset/pokemon_jpg/pokemon_jpg/88.jpg,poison_poison,106
Sludge,poison,poison,/home/chiragjishu/chirag/DiT/nanoDiT/dataset/pokemon_jpg/pokemon_jpg/89.jpg,poison_poison,106
Bivalve,water,,/home/chiragjishu/chirag/DiT/nanoDiT/dataset/pokemon_jpg/pokemon_jpg/90.jpg,water,137
Bivalve,water,ice,/home/chiragjishu/chirag/DiT/nanoDiT/dataset/pokemon_jpg/pokemon_jpg/91.jpg,water_ice,147
Gas,ghost,poison,/home/chiragjishu/chirag/DiT/nanoDiT/dataset/pokemon_jpg/pokemon_jpg/92.jpg,ghost_poison,61
Gas,ghost,poison,/home/chiragjishu/chirag/DiT/nanoDiT/dataset/pokemon_jpg/pokemon_jpg/93.jpg,ghost_poison,61
Shadow,ghost,poison,/home/chiragjishu/chirag/DiT/nanoDiT/dataset/pokemon_jpg/pokemon_jpg/94.jpg,ghost_poison,61
Rock,rock,ground,/home/chiragjishu/chirag/DiT/nanoDiT/dataset/pokemon_jpg/pokemon_jpg/95.jpg,rock_ground,123
Hypnosis,psychic,,/home/chiragjishu/chirag/DiT/nanoDiT/dataset/pokemon_jpg/pokemon_jpg/96.jpg,psychic,108
Hypnosis,psychic,,/home/chiragjishu/chirag/DiT/nanoDiT/dataset/pokemon_jpg/pokemon_jpg/97.jpg,psychic,108
River,water,,/home/chiragjishu/chirag/DiT/nanoDiT/dataset/pokemon_jpg/pokemon_jpg/98.jpg,water,137
Pincer,water,,/home/chiragjishu/chirag/DiT/nanoDiT/dataset/pokemon_jpg/pokemon_jpg/99.jpg,water,137
Ball,electric,,/home/chiragjishu/chirag/DiT/nanoDiT/dataset/pokemon_jpg/pokemon_jpg/100.jpg,electric,28
Ball,electric,,/home/chiragjishu/chirag/DiT/nanoDiT/dataset/pokemon_jpg/pokemon_jpg/101.jpg,electric,28
Egg,grass,psychic,/home/chiragjishu/chirag/DiT/nanoDiT/dataset/pokemon_jpg/pokemon_jpg/102.jpg,grass_psychic,71
Coconut,grass,psychic,/home/chiragjishu/chirag/DiT/nanoDiT/dataset/pokemon_jpg/pokemon_jpg/103.jpg,grass_psychic,71
Lonely,ground,,/home/chiragjishu/chirag/DiT/nanoDiT/dataset/pokemon_jpg/pokemon_jpg/104.jpg,ground,73
Bone,ground,fire,/home/chiragjishu/chirag/DiT/nanoDiT/dataset/pokemon_jpg/pokemon_jpg/105.jpg,ground_fire,77
Kicking,fighting,,/home/chiragjishu/chirag/DiT/nanoDiT/dataset/pokemon_jpg/pokemon_jpg/106.jpg,fighting,37
Punching,fighting,,/home/chiragjishu/chirag/DiT/nanoDiT/dataset/pokemon_jpg/pokemon_jpg/107.jpg,fighting,37
Licking,normal,,/home/chiragjishu/chirag/DiT/nanoDiT/dataset/pokemon_jpg/pokemon_jpg/108.jpg,normal,91
Poison,poison,,/home/chiragjishu/chirag/DiT/nanoDiT/dataset/pokemon_jpg/pokemon_jpg/109.jpg,poison,99
Poison,poison,,/home/chiragjishu/chirag/DiT/nanoDiT/dataset/pokemon_jpg/pokemon_jpg/110.jpg,poison,99
Spikes,ground,rock,/home/chiragjishu/chirag/DiT/nanoDiT/dataset/pokemon_jpg/pokemon_jpg/111.jpg,ground_rock,83
Drill,ground,rock,/home/chiragjishu/chirag/DiT/nanoDiT/dataset/pokemon_jpg/pokemon_jpg/112.jpg,ground_rock,83
Egg,normal,,/home/chiragjishu/chirag/DiT/nanoDiT/dataset/pokemon_jpg/pokemon_jpg/113.jpg,normal,91
Vine,grass,,/home/chiragjishu/chirag/DiT/nanoDiT/dataset/pokemon_jpg/pokemon_jpg/114.jpg,grass,62
Parent,normal,,/home/chiragjishu/chirag/DiT/nanoDiT/dataset/pokemon_jpg/pokemon_jpg/115.jpg,normal,91
Dragon,water,,/home/chiragjishu/chirag/DiT/nanoDiT/dataset/pokemon_jpg/pokemon_jpg/116.jpg,water,137
Dragon,water,,/home/chiragjishu/chirag/DiT/nanoDiT/dataset/pokemon_jpg/pokemon_jpg/117.jpg,water,137
Goldfish,water,,/home/chiragjishu/chirag/DiT/nanoDiT/dataset/pokemon_jpg/pokemon_jpg/118.jpg,water,137
Goldfish,water,,/home/chiragjishu/chirag/DiT/nanoDiT/dataset/pokemon_jpg/pokemon_jpg/119.jpg,water,137
Starshape,water,,/home/chiragjishu/chirag/DiT/nanoDiT/dataset/pokemon_jpg/pokemon_jpg/120.jpg,water,137
Mysterious,water,psychic,/home/chiragjishu/chirag/DiT/nanoDiT/dataset/pokemon_jpg/pokemon_jpg/121.jpg,water_psychic,149
Barrier,psychic,fairy,/home/chiragjishu/chirag/DiT/nanoDiT/dataset/pokemon_jpg/pokemon_jpg/122.jpg,psychic_fairy,109
Mantis,bug,flying,/home/chiragjishu/chirag/DiT/nanoDiT/dataset/pokemon_jpg/pokemon_jpg/123.jpg,bug_flying,4
Humanshape,ice,psychic,/home/chiragjishu/chirag/DiT/nanoDiT/dataset/pokemon_jpg/pokemon_jpg/124.jpg,ice_psychic,89
Electric,electric,,/home/chiragjishu/chirag/DiT/nanoDiT/dataset/pokemon_jpg/pokemon_jpg/125.jpg,electric,28
Spitfire,fire,,/home/chiragjishu/chirag/DiT/nanoDiT/dataset/pokemon_jpg/pokemon_jpg/126.jpg,fire,42
Stagbeetle,bug,,/home/chiragjishu/chirag/DiT/nanoDiT/dataset/pokemon_jpg/pokemon_jpg/127.jpg,bug,0
Wild,normal,,/home/chiragjishu/chirag/DiT/nanoDiT/dataset/pokemon_jpg/pokemon_jpg/128.jpg,normal,91
Fish,water,,/home/chiragjishu/chirag/DiT/nanoDiT/dataset/pokemon_jpg/pokemon_jpg/129.jpg,water,137
Atrocious,water,flying,/home/chiragjishu/chirag/DiT/nanoDiT/dataset/pokemon_jpg/pokemon_jpg/130.jpg,water_flying,143
Transport,water,ice,/home/chiragjishu/chirag/DiT/nanoDiT/dataset/pokemon_jpg/pokemon_jpg/131.jpg,water_ice,147
Transform,normal,,/home/chiragjishu/chirag/DiT/nanoDiT/dataset/pokemon_jpg/pokemon_jpg/132.jpg,normal,91
Evolution,normal,,/home/chiragjishu/chirag/DiT/nanoDiT/dataset/pokemon_jpg/pokemon_jpg/133.jpg,normal,91
Bubble,water,,/home/chiragjishu/chirag/DiT/nanoDiT/dataset/pokemon_jpg/pokemon_jpg/134.jpg,water,137
Lightning,electric,,/home/chiragjishu/chirag/DiT/nanoDiT/dataset/pokemon_jpg/pokemon_jpg/135.jpg,electric,28
Flame,fire,,/home/chiragjishu/chirag/DiT/nanoDiT/dataset/pokemon_jpg/pokemon_jpg/136.jpg,fire,42
Virtual,normal,,/home/chiragjishu/chirag/DiT/nanoDiT/dataset/pokemon_jpg/pokemon_jpg/137.jpg,normal,91
Spiral,rock,water,/home/chiragjishu/chirag/DiT/nanoDiT/dataset/pokemon_jpg/pokemon_jpg/138.jpg,rock_water,127
Spiral,rock,water,/home/chiragjishu/chirag/DiT/nanoDiT/dataset/pokemon_jpg/pokemon_jpg/139.jpg,rock_water,127
Shellfish,rock,water,/home/chiragjishu/chirag/DiT/nanoDiT/dataset/pokemon_jpg/pokemon_jpg/140.jpg,rock_water,127
Shellfish,rock,water,/home/chiragjishu/chirag/DiT/nanoDiT/dataset/pokemon_jpg/pokemon_jpg/141.jpg,rock_water,127
Fossil,rock,flying,/home/chiragjishu/chirag/DiT/nanoDiT/dataset/pokemon_jpg/pokemon_jpg/142.jpg,rock_flying,121
Sleeping,normal,,/home/chiragjishu/chirag/DiT/nanoDiT/dataset/pokemon_jpg/pokemon_jpg/143.jpg,normal,91
Freeze,ice,flying,/home/chiragjishu/chirag/DiT/nanoDiT/dataset/pokemon_jpg/pokemon_jpg/144.jpg,ice_flying,86
Electric,electric,flying,/home/chiragjishu/chirag/DiT/nanoDiT/dataset/pokemon_jpg/pokemon_jpg/145.jpg,electric_flying,31
Flame,fire,flying,/home/chiragjishu/chirag/DiT/nanoDiT/dataset/pokemon_jpg/pokemon_jpg/146.jpg,fire_flying,45
Dragon,dragon,,/home/chiragjishu/chirag/DiT/nanoDiT/dataset/pokemon_jpg/pokemon_jpg/147.jpg,dragon,21
Dragon,dragon,,/home/chiragjishu/chirag/DiT/nanoDiT/dataset/pokemon_jpg/pokemon_jpg/148.jpg,dragon,21
Dragon,dragon,flying,/home/chiragjishu/chirag/DiT/nanoDiT/dataset/pokemon_jpg/pokemon_jpg/149.jpg,dragon_flying,24
Genetic,psychic,,/home/chiragjishu/chirag/DiT/nanoDiT/dataset/pokemon_jpg/pokemon_jpg/150.jpg,psychic,108
New,psychic,,/home/chiragjishu/chirag/DiT/nanoDiT/dataset/pokemon_jpg/pokemon_jpg/151.jpg,psychic,108
Leaf,grass,,/home/chiragjishu/chirag/DiT/nanoDiT/dataset/pokemon_jpg/pokemon_jpg/152.jpg,grass,62
Leaf,grass,,/home/chiragjishu/chirag/DiT/nanoDiT/dataset/pokemon_jpg/pokemon_jpg/153.jpg,grass,62
Herb,grass,,/home/chiragjishu/chirag/DiT/nanoDiT/dataset/pokemon_jpg/pokemon_jpg/154.jpg,grass,62
Fire,fire,,/home/chiragjishu/chirag/DiT/nanoDiT/dataset/pokemon_jpg/pokemon_jpg/155.jpg,fire,42
Volcano,fire,,/home/chiragjishu/chirag/DiT/nanoDiT/dataset/pokemon_jpg/pokemon_jpg/156.jpg,fire,42
Volcano,fire,,/home/chiragjishu/chirag/DiT/nanoDiT/dataset/pokemon_jpg/pokemon_jpg/157.jpg,fire,42
Big,water,,/home/chiragjishu/chirag/DiT/nanoDiT/dataset/pokemon_jpg/pokemon_jpg/158.jpg,water,137
Big,water,,/home/chiragjishu/chirag/DiT/nanoDiT/dataset/pokemon_jpg/pokemon_jpg/159.jpg,water,137
Big,water,,/home/chiragjishu/chirag/DiT/nanoDiT/dataset/pokemon_jpg/pokemon_jpg/160.jpg,water,137
Scout,normal,,/home/chiragjishu/chirag/DiT/nanoDiT/dataset/pokemon_jpg/pokemon_jpg/161.jpg,normal,91
Long,normal,,/home/chiragjishu/chirag/DiT/nanoDiT/dataset/pokemon_jpg/pokemon_jpg/162.jpg,normal,91
Owl,normal,flying,/home/chiragjishu/chirag/DiT/nanoDiT/dataset/pokemon_jpg/pokemon_jpg/163.jpg,normal_flying,94
Owl,normal,flying,/home/chiragjishu/chirag/DiT/nanoDiT/dataset/pokemon_jpg/pokemon_jpg/164.jpg,normal_flying,94
Five,bug,flying,/home/chiragjishu/chirag/DiT/nanoDiT/dataset/pokemon_jpg/pokemon_jpg/165.jpg,bug_flying,4
Five,bug,flying,/home/chiragjishu/chirag/DiT/nanoDiT/dataset/pokemon_jpg/pokemon_jpg/166.jpg,bug_flying,4
String,bug,poison,/home/chiragjishu/chirag/DiT/nanoDiT/dataset/pokemon_jpg/pokemon_jpg/167.jpg,bug_poison,8
Long,bug,poison,/home/chiragjishu/chirag/DiT/nanoDiT/dataset/pokemon_jpg/pokemon_jpg/168.jpg,bug_poison,8
Bat,poison,flying,/home/chiragjishu/chirag/DiT/nanoDiT/dataset/pokemon_jpg/pokemon_jpg/169.jpg,poison_flying,104
Angler,water,electric,/home/chiragjishu/chirag/DiT/nanoDiT/dataset/pokemon_jpg/pokemon_jpg/170.jpg,water_electric,140
Light,water,electric,/home/chiragjishu/chirag/DiT/nanoDiT/dataset/pokemon_jpg/pokemon_jpg/171.jpg,water_electric,140
Tiny,electric,,/home/chiragjishu/chirag/DiT/nanoDiT/dataset/pokemon_jpg/pokemon_jpg/172.jpg,electric,28
Star,fairy,,/home/chiragjishu/chirag/DiT/nanoDiT/dataset/pokemon_jpg/pokemon_jpg/173.jpg,fairy,35
Balloon,normal,fairy,/home/chiragjishu/chirag/DiT/nanoDiT/dataset/pokemon_jpg/pokemon_jpg/174.jpg,normal_fairy,93
Spike,fairy,,/home/chiragjishu/chirag/DiT/nanoDiT/dataset/pokemon_jpg/pokemon_jpg/175.jpg,fairy,35
Happiness,fairy,flying,/home/chiragjishu/chirag/DiT/nanoDiT/dataset/pokemon_jpg/pokemon_jpg/176.jpg,fairy_flying,36
Little,psychic,flying,/home/chiragjishu/chirag/DiT/nanoDiT/dataset/pokemon_jpg/pokemon_jpg/177.jpg,psychic_flying,112
Mystic,psychic,flying,/home/chiragjishu/chirag/DiT/nanoDiT/dataset/pokemon_jpg/pokemon_jpg/178.jpg,psychic_flying,112
Wool,electric,,/home/chiragjishu/chirag/DiT/nanoDiT/dataset/pokemon_jpg/pokemon_jpg/179.jpg,electric,28
Wool,electric,,/home/chiragjishu/chirag/DiT/nanoDiT/dataset/pokemon_jpg/pokemon_jpg/180.jpg,electric,28
Light,electric,,/home/chiragjishu/chirag/DiT/nanoDiT/dataset/pokemon_jpg/pokemon_jpg/181.jpg,electric,28
Flower,grass,,/home/chiragjishu/chirag/DiT/nanoDiT/dataset/pokemon_jpg/pokemon_jpg/182.jpg,grass,62
Aquamouse,water,fairy,/home/chiragjishu/chirag/DiT/nanoDiT/dataset/pokemon_jpg/pokemon_jpg/183.jpg,water_fairy,141
Aquarabbit,water,fairy,/home/chiragjishu/chirag/DiT/nanoDiT/dataset/pokemon_jpg/pokemon_jpg/184.jpg,water_fairy,141
Imitation,rock,,/home/chiragjishu/chirag/DiT/nanoDiT/dataset/pokemon_jpg/pokemon_jpg/185.jpg,rock,115
Frog,water,,/home/chiragjishu/chirag/DiT/nanoDiT/dataset/pokemon_jpg/pokemon_jpg/186.jpg,water,137
Cottonweed,grass,flying,/home/chiragjishu/chirag/DiT/nanoDiT/dataset/pokemon_jpg/pokemon_jpg/187.jpg,grass_flying,66
Cottonweed,grass,flying,/home/chiragjishu/chirag/DiT/nanoDiT/dataset/pokemon_jpg/pokemon_jpg/188.jpg,grass_flying,66
Cottonweed,grass,flying,/home/chiragjishu/chirag/DiT/nanoDiT/dataset/pokemon_jpg/pokemon_jpg/189.jpg,grass_flying,66
Long,normal,,/home/chiragjishu/chirag/DiT/nanoDiT/dataset/pokemon_jpg/pokemon_jpg/190.jpg,normal,91
Seed,grass,,/home/chiragjishu/chirag/DiT/nanoDiT/dataset/pokemon_jpg/pokemon_jpg/191.jpg,grass,62
Sun,grass,,/home/chiragjishu/chirag/DiT/nanoDiT/dataset/pokemon_jpg/pokemon_jpg/192.jpg,grass,62
Clear,bug,flying,/home/chiragjishu/chirag/DiT/nanoDiT/dataset/pokemon_jpg/pokemon_jpg/193.jpg,bug_flying,4
Water,water,ground,/home/chiragjishu/chirag/DiT/nanoDiT/dataset/pokemon_jpg/pokemon_jpg/194.jpg,water_ground,146
Water,water,ground,/home/chiragjishu/chirag/DiT/nanoDiT/dataset/pokemon_jpg/pokemon_jpg/195.jpg,water_ground,146
Sun,psychic,,/home/chiragjishu/chirag/DiT/nanoDiT/dataset/pokemon_jpg/pokemon_jpg/196.jpg,psychic,108
Moonlight,dark,,/home/chiragjishu/chirag/DiT/nanoDiT/dataset/pokemon_jpg/pokemon_jpg/197.jpg,dark,12
Darkness,dark,flying,/home/chiragjishu/chirag/DiT/nanoDiT/dataset/pokemon_jpg/pokemon_jpg/198.jpg,dark_flying,16
Royal,water,psychic,/home/chiragjishu/chirag/DiT/nanoDiT/dataset/pokemon_jpg/pokemon_jpg/199.jpg,water_psychic,149
Screech,ghost,,/home/chiragjishu/chirag/DiT/nanoDiT/dataset/pokemon_jpg/pokemon_jpg/200.jpg,ghost,55
Symbol,psychic,,/home/chiragjishu/chirag/DiT/nanoDiT/dataset/pokemon_jpg/pokemon_jpg/201.jpg,psychic,108
Patient,psychic,,/home/chiragjishu/chirag/DiT/nanoDiT/dataset/pokemon_jpg/pokemon_jpg/202.jpg,psychic,108
Long,normal,psychic,/home/chiragjishu/chirag/DiT/nanoDiT/dataset/pokemon_jpg/pokemon_jpg/203.jpg,normal_psychic,97
Bagworm,bug,,/home/chiragjishu/chirag/DiT/nanoDiT/dataset/pokemon_jpg/pokemon_jpg/204.jpg,bug,0
Bagworm,bug,steel,/home/chiragjishu/chirag/DiT/nanoDiT/dataset/pokemon_jpg/pokemon_jpg/205.jpg,bug_steel,10
Land,normal,,/home/chiragjishu/chirag/DiT/nanoDiT/dataset/pokemon_jpg/pokemon_jpg/206.jpg,normal,91
Flyscorpion,ground,flying,/home/chiragjishu/chirag/DiT/nanoDiT/dataset/pokemon_jpg/pokemon_jpg/207.jpg,ground_flying,78
Iron,steel,ground,/home/chiragjishu/chirag/DiT/nanoDiT/dataset/pokemon_jpg/pokemon_jpg/208.jpg,steel_ground,134
Fairy,fairy,,/home/chiragjishu/chirag/DiT/nanoDiT/dataset/pokemon_jpg/pokemon_jpg/209.jpg,fairy,35
Fairy,fairy,,/home/chiragjishu/chirag/DiT/nanoDiT/dataset/pokemon_jpg/pokemon_jpg/210.jpg,fairy,35
Balloon,water,poison,/home/chiragjishu/chirag/DiT/nanoDiT/dataset/pokemon_jpg/pokemon_jpg/211.jpg,water_poison,148
Pincer,bug,steel,/home/chiragjishu/chirag/DiT/nanoDiT/dataset/pokemon_jpg/pokemon_jpg/212.jpg,bug_steel,10
Mold,bug,rock,/home/chiragjishu/chirag/DiT/nanoDiT/dataset/pokemon_jpg/pokemon_jpg/213.jpg,bug_rock,9
Singlehorn,bug,fighting,/home/chiragjishu/chirag/DiT/nanoDiT/dataset/pokemon_jpg/pokemon_jpg/214.jpg,bug_fighting,2
Sharp,dark,ice,/home/chiragjishu/chirag/DiT/nanoDiT/dataset/pokemon_jpg/pokemon_jpg/215.jpg,dark_ice,18
Little,normal,,/home/chiragjishu/chirag/DiT/nanoDiT/dataset/pokemon_jpg/pokemon_jpg/216.jpg,normal,91
Hibernator,normal,,/home/chiragjishu/chirag/DiT/nanoDiT/dataset/pokemon_jpg/pokemon_jpg/217.jpg,normal,91
Lava,fire,,/home/chiragjishu/chirag/DiT/nanoDiT/dataset/pokemon_jpg/pokemon_jpg/218.jpg,fire,42
Lava,fire,rock,/home/chiragjishu/chirag/DiT/nanoDiT/dataset/pokemon_jpg/pokemon_jpg/219.jpg,fire_rock,50
Pig,ice,ground,/home/chiragjishu/chirag/DiT/nanoDiT/dataset/pokemon_jpg/pokemon_jpg/220.jpg,ice_ground,88
Swine,ice,ground,/home/chiragjishu/chirag/DiT/nanoDiT/dataset/pokemon_jpg/pokemon_jpg/221.jpg,ice_ground,88
Coral,water,rock,/home/chiragjishu/chirag/DiT/nanoDiT/dataset/pokemon_jpg/pokemon_jpg/222.jpg,water_rock,150
Jet,water,,/home/chiragjishu/chirag/DiT/nanoDiT/dataset/pokemon_jpg/pokemon_jpg/223.jpg,water,137
Jet,water,,/home/chiragjishu/chirag/DiT/nanoDiT/dataset/pokemon_jpg/pokemon_jpg/224.jpg,water,137
Delivery,ice,flying,/home/chiragjishu/chirag/DiT/nanoDiT/dataset/pokemon_jpg/pokemon_jpg/225.jpg,ice_flying,86
Kite,water,flying,/home/chiragjishu/chirag/DiT/nanoDiT/dataset/pokemon_jpg/pokemon_jpg/226.jpg,water_flying,143
Armor,steel,flying,/home/chiragjishu/chirag/DiT/nanoDiT/dataset/pokemon_jpg/pokemon_jpg/227.jpg,steel_flying,132
Dark,dark,fire,/home/chiragjishu/chirag/DiT/nanoDiT/dataset/pokemon_jpg/pokemon_jpg/228.jpg,dark_fire,15
Dark,dark,fire,/home/chiragjishu/chirag/DiT/nanoDiT/dataset/pokemon_jpg/pokemon_jpg/229.jpg,dark_fire,15
Dragon,water,dragon,/home/chiragjishu/chirag/DiT/nanoDiT/dataset/pokemon_jpg/pokemon_jpg/230.jpg,water_dragon,139
Long,ground,,/home/chiragjishu/chirag/DiT/nanoDiT/dataset/pokemon_jpg/pokemon_jpg/231.jpg,ground,73
Armor,ground,,/home/chiragjishu/chirag/DiT/nanoDiT/dataset/pokemon_jpg/pokemon_jpg/232.jpg,ground,73
Virtual,normal,,/home/chiragjishu/chirag/DiT/nanoDiT/dataset/pokemon_jpg/pokemon_jpg/233.jpg,normal,91
Big,normal,,/home/chiragjishu/chirag/DiT/nanoDiT/dataset/pokemon_jpg/pokemon_jpg/234.jpg,normal,91
Painter,normal,,/home/chiragjishu/chirag/DiT/nanoDiT/dataset/pokemon_jpg/pokemon_jpg/235.jpg,normal,91
Scuffle,fighting,,/home/chiragjishu/chirag/DiT/nanoDiT/dataset/pokemon_jpg/pokemon_jpg/236.jpg,fighting,37
Handstand,fighting,,/home/chiragjishu/chirag/DiT/nanoDiT/dataset/pokemon_jpg/pokemon_jpg/237.jpg,fighting,37
Kiss,ice,psychic,/home/chiragjishu/chirag/DiT/nanoDiT/dataset/pokemon_jpg/pokemon_jpg/238.jpg,ice_psychic,89
Electric,electric,,/home/chiragjishu/chirag/DiT/nanoDiT/dataset/pokemon_jpg/pokemon_jpg/239.jpg,electric,28
Live,fire,,/home/chiragjishu/chirag/DiT/nanoDiT/dataset/pokemon_jpg/pokemon_jpg/240.jpg,fire,42
Milk,normal,,/home/chiragjishu/chirag/DiT/nanoDiT/dataset/pokemon_jpg/pokemon_jpg/241.jpg,normal,91
Happiness,normal,,/home/chiragjishu/chirag/DiT/nanoDiT/dataset/pokemon_jpg/pokemon_jpg/242.jpg,normal,91
Thunder,electric,,/home/chiragjishu/chirag/DiT/nanoDiT/dataset/pokemon_jpg/pokemon_jpg/243.jpg,electric,28
Volcano,fire,,/home/chiragjishu/chirag/DiT/nanoDiT/dataset/pokemon_jpg/pokemon_jpg/244.jpg,fire,42
Aurora,water,,/home/chiragjishu/chirag/DiT/nanoDiT/dataset/pokemon_jpg/pokemon_jpg/245.jpg,water,137
Rock,rock,ground,/home/chiragjishu/chirag/DiT/nanoDiT/dataset/pokemon_jpg/pokemon_jpg/246.jpg,rock_ground,123
Hard,rock,ground,/home/chiragjishu/chirag/DiT/nanoDiT/dataset/pokemon_jpg/pokemon_jpg/247.jpg,rock_ground,123
Armor,rock,dark,/home/chiragjishu/chirag/DiT/nanoDiT/dataset/pokemon_jpg/pokemon_jpg/248.jpg,rock_dark,117
Diving,psychic,flying,/home/chiragjishu/chirag/DiT/nanoDiT/dataset/pokemon_jpg/pokemon_jpg/249.jpg,psychic_flying,112
Rainbow,fire,flying,/home/chiragjishu/chirag/DiT/nanoDiT/dataset/pokemon_jpg/pokemon_jpg/250.jpg,fire_flying,45
Time,psychic,grass,/home/chiragjishu/chirag/DiT/nanoDiT/dataset/pokemon_jpg/pokemon_jpg/251.jpg,psychic_grass,114
Wood,grass,,/home/chiragjishu/chirag/DiT/nanoDiT/dataset/pokemon_jpg/pokemon_jpg/252.jpg,grass,62
Wood,grass,,/home/chiragjishu/chirag/DiT/nanoDiT/dataset/pokemon_jpg/pokemon_jpg/253.jpg,grass,62
Forest,grass,,/home/chiragjishu/chirag/DiT/nanoDiT/dataset/pokemon_jpg/pokemon_jpg/254.jpg,grass,62
Chick,fire,,/home/chiragjishu/chirag/DiT/nanoDiT/dataset/pokemon_jpg/pokemon_jpg/255.jpg,fire,42
Young,fire,fighting,/home/chiragjishu/chirag/DiT/nanoDiT/dataset/pokemon_jpg/pokemon_jpg/256.jpg,fire_fighting,43
Blaze,fire,fighting,/home/chiragjishu/chirag/DiT/nanoDiT/dataset/pokemon_jpg/pokemon_jpg/257.jpg,fire_fighting,43
Mud,water,,/home/chiragjishu/chirag/DiT/nanoDiT/dataset/pokemon_jpg/pokemon_jpg/258.jpg,water,137
Mud,water,ground,/home/chiragjishu/chirag/DiT/nanoDiT/dataset/pokemon_jpg/pokemon_jpg/259.jpg,water_ground,146
Mud,water,ground,/home/chiragjishu/chirag/DiT/nanoDiT/dataset/pokemon_jpg/pokemon_jpg/260.jpg,water_ground,146
Bite,dark,,/home/chiragjishu/chirag/DiT/nanoDiT/dataset/pokemon_jpg/pokemon_jpg/261.jpg,dark,12
Bite,dark,,/home/chiragjishu/chirag/DiT/nanoDiT/dataset/pokemon_jpg/pokemon_jpg/262.jpg,dark,12
Tiny,normal,,/home/chiragjishu/chirag/DiT/nanoDiT/dataset/pokemon_jpg/pokemon_jpg/263.jpg,normal,91
Rush,normal,,/home/chiragjishu/chirag/DiT/nanoDiT/dataset/pokemon_jpg/pokemon_jpg/264.jpg,normal,91
Worm,bug,,/home/chiragjishu/chirag/DiT/nanoDiT/dataset/pokemon_jpg/pokemon_jpg/265.jpg,bug,0
Cocoon,bug,,/home/chiragjishu/chirag/DiT/nanoDiT/dataset/pokemon_jpg/pokemon_jpg/266.jpg,bug,0
Butterfly,bug,flying,/home/chiragjishu/chirag/DiT/nanoDiT/dataset/pokemon_jpg/pokemon_jpg/267.jpg,bug_flying,4
Cocoon,bug,,/home/chiragjishu/chirag/DiT/nanoDiT/dataset/pokemon_jpg/pokemon_jpg/268.jpg,bug,0
Poison,bug,poison,/home/chiragjishu/chirag/DiT/nanoDiT/dataset/pokemon_jpg/pokemon_jpg/269.jpg,bug_poison,8
Water,water,grass,/home/chiragjishu/chirag/DiT/nanoDiT/dataset/pokemon_jpg/pokemon_jpg/270.jpg,water_grass,145
Jolly,water,grass,/home/chiragjishu/chirag/DiT/nanoDiT/dataset/pokemon_jpg/pokemon_jpg/271.jpg,water_grass,145
Carefree,water,grass,/home/chiragjishu/chirag/DiT/nanoDiT/dataset/pokemon_jpg/pokemon_jpg/272.jpg,water_grass,145
Acorn,grass,,/home/chiragjishu/chirag/DiT/nanoDiT/dataset/pokemon_jpg/pokemon_jpg/273.jpg,grass,62
Wily,grass,dark,/home/chiragjishu/chirag/DiT/nanoDiT/dataset/pokemon_jpg/pokemon_jpg/274.jpg,grass_dark,63
Wickid,grass,dark,/home/chiragjishu/chirag/DiT/nanoDiT/dataset/pokemon_jpg/pokemon_jpg/275.jpg,grass_dark,63
TinySwallow,normal,flying,/home/chiragjishu/chirag/DiT/nanoDiT/dataset/pokemon_jpg/pokemon_jpg/276.jpg,normal_flying,94
Swallow,normal,flying,/home/chiragjishu/chirag/DiT/nanoDiT/dataset/pokemon_jpg/pokemon_jpg/277.jpg,normal_flying,94
Seagull,water,flying,/home/chiragjishu/chirag/DiT/nanoDiT/dataset/pokemon_jpg/pokemon_jpg/278.jpg,water_flying,143
Water,water,flying,/home/chiragjishu/chirag/DiT/nanoDiT/dataset/pokemon_jpg/pokemon_jpg/279.jpg,water_flying,143
Feeling,psychic,fairy,/home/chiragjishu/chirag/DiT/nanoDiT/dataset/pokemon_jpg/pokemon_jpg/280.jpg,psychic_fairy,109
Emotion,psychic,fairy,/home/chiragjishu/chirag/DiT/nanoDiT/dataset/pokemon_jpg/pokemon_jpg/281.jpg,psychic_fairy,109
Embrace,psychic,fairy,/home/chiragjishu/chirag/DiT/nanoDiT/dataset/pokemon_jpg/pokemon_jpg/282.jpg,psychic_fairy,109
Pond,bug,water,/home/chiragjishu/chirag/DiT/nanoDiT/dataset/pokemon_jpg/pokemon_jpg/283.jpg,bug_water,11
Eyeball,bug,flying,/home/chiragjishu/chirag/DiT/nanoDiT/dataset/pokemon_jpg/pokemon_jpg/284.jpg,bug_flying,4
Mushroom,grass,,/home/chiragjishu/chirag/DiT/nanoDiT/dataset/pokemon_jpg/pokemon_jpg/285.jpg,grass,62
Mushroom,grass,fighting,/home/chiragjishu/chirag/DiT/nanoDiT/dataset/pokemon_jpg/pokemon_jpg/286.jpg,grass_fighting,65
Slacker,normal,,/home/chiragjishu/chirag/DiT/nanoDiT/dataset/pokemon_jpg/pokemon_jpg/287.jpg,normal,91
Wild,normal,,/home/chiragjishu/chirag/DiT/nanoDiT/dataset/pokemon_jpg/pokemon_jpg/288.jpg,normal,91
Lazy,normal,,/home/chiragjishu/chirag/DiT/nanoDiT/dataset/pokemon_jpg/pokemon_jpg/289.jpg,normal,91
Trainee,bug,ground,/home/chiragjishu/chirag/DiT/nanoDiT/dataset/pokemon_jpg/pokemon_jpg/290.jpg,bug_ground,7
Ninja,bug,flying,/home/chiragjishu/chirag/DiT/nanoDiT/dataset/pokemon_jpg/pokemon_jpg/291.jpg,bug_flying,4
Shed,bug,ghost,/home/chiragjishu/chirag/DiT/nanoDiT/dataset/pokemon_jpg/pokemon_jpg/292.jpg,bug_ghost,5
Whisper,normal,,/home/chiragjishu/chirag/DiT/nanoDiT/dataset/pokemon_jpg/pokemon_jpg/293.jpg,normal,91
Big,normal,,/home/chiragjishu/chirag/DiT/nanoDiT/dataset/pokemon_jpg/pokemon_jpg/294.jpg,normal,91
Loud,normal,,/home/chiragjishu/chirag/DiT/nanoDiT/dataset/pokemon_jpg/pokemon_jpg/295.jpg,normal,91
Guts,fighting,,/home/chiragjishu/chirag/DiT/nanoDiT/dataset/pokemon_jpg/pokemon_jpg/296.jpg,fighting,37
Arm,fighting,,/home/chiragjishu/chirag/DiT/nanoDiT/dataset/pokemon_jpg/pokemon_jpg/297.jpg,fighting,37
Polka,normal,fairy,/home/chiragjishu/chirag/DiT/nanoDiT/dataset/pokemon_jpg/pokemon_jpg/298.jpg,normal_fairy,93
Compass,rock,,/home/chiragjishu/chirag/DiT/nanoDiT/dataset/pokemon_jpg/pokemon_jpg/299.jpg,rock,115
Kitten,normal,,/home/chiragjishu/chirag/DiT/nanoDiT/dataset/pokemon_jpg/pokemon_jpg/300.jpg,normal,91
Prim,normal,,/home/chiragjishu/chirag/DiT/nanoDiT/dataset/pokemon_jpg/pokemon_jpg/301.jpg,normal,91
Darkness,dark,ghost,/home/chiragjishu/chirag/DiT/nanoDiT/dataset/pokemon_jpg/pokemon_jpg/302.jpg,dark_ghost,17
Deceiver,steel,fairy,/home/chiragjishu/chirag/DiT/nanoDiT/dataset/pokemon_jpg/pokemon_jpg/303.jpg,steel_fairy,130
Iron,steel,rock,/home/chiragjishu/chirag/DiT/nanoDiT/dataset/pokemon_jpg/pokemon_jpg/304.jpg,steel_rock,136
Iron,steel,rock,/home/chiragjishu/chirag/DiT/nanoDiT/dataset/pokemon_jpg/pokemon_jpg/305.jpg,steel_rock,136
Iron,steel,rock,/home/chiragjishu/chirag/DiT/nanoDiT/dataset/pokemon_jpg/pokemon_jpg/306.jpg,steel_rock,136
Meditate,fighting,psychic,/home/chiragjishu/chirag/DiT/nanoDiT/dataset/pokemon_jpg/pokemon_jpg/307.jpg,fighting_psychic,40
Meditate,fighting,psychic,/home/chiragjishu/chirag/DiT/nanoDiT/dataset/pokemon_jpg/pokemon_jpg/308.jpg,fighting_psychic,40
Lightning,electric,,/home/chiragjishu/chirag/DiT/nanoDiT/dataset/pokemon_jpg/pokemon_jpg/309.jpg,electric,28
Discharge,electric,,/home/chiragjishu/chirag/DiT/nanoDiT/dataset/pokemon_jpg/pokemon_jpg/310.jpg,electric,28
Cheering,electric,,/home/chiragjishu/chirag/DiT/nanoDiT/dataset/pokemon_jpg/pokemon_jpg/311.jpg,electric,28
Cheering,electric,,/home/chiragjishu/chirag/DiT/nanoDiT/dataset/pokemon_jpg/pokemon_jpg/312.jpg,electric,28
Firefly,bug,,/home/chiragjishu/chirag/DiT/nanoDiT/dataset/pokemon_jpg/pokemon_jpg/313.jpg,bug,0
Firefly,bug,,/home/chiragjishu/chirag/DiT/nanoDiT/dataset/pokemon_jpg/pokemon_jpg/314.jpg,bug,0
Thorn,grass,poison,/home/chiragjishu/chirag/DiT/nanoDiT/dataset/pokemon_jpg/pokemon_jpg/315.jpg,grass_poison,70
Stomach,poison,,/home/chiragjishu/chirag/DiT/nanoDiT/dataset/pokemon_jpg/pokemon_jpg/316.jpg,poison,99
Poison,poison,,/home/chiragjishu/chirag/DiT/nanoDiT/dataset/pokemon_jpg/pokemon_jpg/317.jpg,poison,99
Savage,water,dark,/home/chiragjishu/chirag/DiT/nanoDiT/dataset/pokemon_jpg/pokemon_jpg/318.jpg,water_dark,138
Brutal,water,dark,/home/chiragjishu/chirag/DiT/nanoDiT/dataset/pokemon_jpg/pokemon_jpg/319.jpg,water_dark,138
Ball,water,,/home/chiragjishu/chirag/DiT/nanoDiT/dataset/pokemon_jpg/pokemon_jpg/320.jpg,water,137
Float,water,,/home/chiragjishu/chirag/DiT/nanoDiT/dataset/pokemon_jpg/pokemon_jpg/321.jpg,water,137
Numb,fire,ground,/home/chiragjishu/chirag/DiT/nanoDiT/dataset/pokemon_jpg/pokemon_jpg/322.jpg,fire_ground,46
Eruption,fire,ground,/home/chiragjishu/chirag/DiT/nanoDiT/dataset/pokemon_jpg/pokemon_jpg/323.jpg,fire_ground,46
Coal,fire,,/home/chiragjishu/chirag/DiT/nanoDiT/dataset/pokemon_jpg/pokemon_jpg/324.jpg,fire,42
Bounce,psychic,,/home/chiragjishu/chirag/DiT/nanoDiT/dataset/pokemon_jpg/pokemon_jpg/325.jpg,psychic,108
Manipulate,psychic,,/home/chiragjishu/chirag/DiT/nanoDiT/dataset/pokemon_jpg/pokemon_jpg/326.jpg,psychic,108
Spot,normal,,/home/chiragjishu/chirag/DiT/nanoDiT/dataset/pokemon_jpg/pokemon_jpg/327.jpg,normal,91
Ant,ground,,/home/chiragjishu/chirag/DiT/nanoDiT/dataset/pokemon_jpg/pokemon_jpg/328.jpg,ground,73
Vibration,ground,dragon,/home/chiragjishu/chirag/DiT/nanoDiT/dataset/pokemon_jpg/pokemon_jpg/329.jpg,ground_dragon,75
Mystic,ground,dragon,/home/chiragjishu/chirag/DiT/nanoDiT/dataset/pokemon_jpg/pokemon_jpg/330.jpg,ground_dragon,75
Cactus,grass,,/home/chiragjishu/chirag/DiT/nanoDiT/dataset/pokemon_jpg/pokemon_jpg/331.jpg,grass,62
Scarecrow,grass,dark,/home/chiragjishu/chirag/DiT/nanoDiT/dataset/pokemon_jpg/pokemon_jpg/332.jpg,grass_dark,63
Cotton,normal,flying,/home/chiragjishu/chirag/DiT/nanoDiT/dataset/pokemon_jpg/pokemon_jpg/333.jpg,normal_flying,94
Humming,dragon,flying,/home/chiragjishu/chirag/DiT/nanoDiT/dataset/pokemon_jpg/pokemon_jpg/334.jpg,dragon_flying,24
Cat,normal,,/home/chiragjishu/chirag/DiT/nanoDiT/dataset/pokemon_jpg/pokemon_jpg/335.jpg,normal,91
Fang,poison,,/home/chiragjishu/chirag/DiT/nanoDiT/dataset/pokemon_jpg/pokemon_jpg/336.jpg,poison,99
Meteorite,rock,psychic,/home/chiragjishu/chirag/DiT/nanoDiT/dataset/pokemon_jpg/pokemon_jpg/337.jpg,rock_psychic,125
Meteorite,rock,psychic,/home/chiragjishu/chirag/DiT/nanoDiT/dataset/pokemon_jpg/pokemon_jpg/338.jpg,rock_psychic,125
Whiskers,water,ground,/home/chiragjishu/chirag/DiT/nanoDiT/dataset/pokemon_jpg/pokemon_jpg/339.jpg,water_ground,146
Whiskers,water,ground,/home/chiragjishu/chirag/DiT/nanoDiT/dataset/pokemon_jpg/pokemon_jpg/340.jpg,water_ground,146
Ruffian,water,,/home/chiragjishu/chirag/DiT/nanoDiT/dataset/pokemon_jpg/pokemon_jpg/341.jpg,water,137
Rogue,water,dark,/home/chiragjishu/chirag/DiT/nanoDiT/dataset/pokemon_jpg/pokemon_jpg/342.jpg,water_dark,138
Clay,ground,psychic,/home/chiragjishu/chirag/DiT/nanoDiT/dataset/pokemon_jpg/pokemon_jpg/343.jpg,ground_psychic,82
Clay,ground,psychic,/home/chiragjishu/chirag/DiT/nanoDiT/dataset/pokemon_jpg/pokemon_jpg/344.jpg,ground_psychic,82
Sea,rock,grass,/home/chiragjishu/chirag/DiT/nanoDiT/dataset/pokemon_jpg/pokemon_jpg/345.jpg,rock_grass,122
Barnacle,rock,grass,/home/chiragjishu/chirag/DiT/nanoDiT/dataset/pokemon_jpg/pokemon_jpg/346.jpg,rock_grass,122
Old,rock,bug,/home/chiragjishu/chirag/DiT/nanoDiT/dataset/pokemon_jpg/pokemon_jpg/347.jpg,rock_bug,116
Plate,rock,bug,/home/chiragjishu/chirag/DiT/nanoDiT/dataset/pokemon_jpg/pokemon_jpg/348.jpg,rock_bug,116
Fish,water,,/home/chiragjishu/chirag/DiT/nanoDiT/dataset/pokemon_jpg/pokemon_jpg/349.jpg,water,137
Tender,water,,/home/chiragjishu/chirag/DiT/nanoDiT/dataset/pokemon_jpg/pokemon_jpg/350.jpg,water,137
Weather,normal,,/home/chiragjishu/chirag/DiT/nanoDiT/dataset/pokemon_jpg/pokemon_jpg/351.jpg,normal,91
Color,normal,,/home/chiragjishu/chirag/DiT/nanoDiT/dataset/pokemon_jpg/pokemon_jpg/352.jpg,normal,91
Puppet,ghost,,/home/chiragjishu/chirag/DiT/nanoDiT/dataset/pokemon_jpg/pokemon_jpg/353.jpg,ghost,55
Marionette,ghost,,/home/chiragjishu/chirag/DiT/nanoDiT/dataset/pokemon_jpg/pokemon_jpg/354.jpg,ghost,55
Requiem,ghost,,/home/chiragjishu/chirag/DiT/nanoDiT/dataset/pokemon_jpg/pokemon_jpg/355.jpg,ghost,55
Beckon,ghost,,/home/chiragjishu/chirag/DiT/nanoDiT/dataset/pokemon_jpg/pokemon_jpg/356.jpg,ghost,55
Fruit,grass,flying,/home/chiragjishu/chirag/DiT/nanoDiT/dataset/pokemon_jpg/pokemon_jpg/357.jpg,grass_flying,66
Wind,psychic,,/home/chiragjishu/chirag/DiT/nanoDiT/dataset/pokemon_jpg/pokemon_jpg/358.jpg,psychic,108
Disaster,dark,,/home/chiragjishu/chirag/DiT/nanoDiT/dataset/pokemon_jpg/pokemon_jpg/359.jpg,dark,12
Bright,psychic,,/home/chiragjishu/chirag/DiT/nanoDiT/dataset/pokemon_jpg/pokemon_jpg/360.jpg,psychic,108
Snow,ice,,/home/chiragjishu/chirag/DiT/nanoDiT/dataset/pokemon_jpg/pokemon_jpg/361.jpg,ice,85
Face,ice,,/home/chiragjishu/chirag/DiT/nanoDiT/dataset/pokemon_jpg/pokemon_jpg/362.jpg,ice,85
Clap,ice,water,/home/chiragjishu/chirag/DiT/nanoDiT/dataset/pokemon_jpg/pokemon_jpg/363.jpg,ice_water,90
Ball,ice,water,/home/chiragjishu/chirag/DiT/nanoDiT/dataset/pokemon_jpg/pokemon_jpg/364.jpg,ice_water,90
Ice,ice,water,/home/chiragjishu/chirag/DiT/nanoDiT/dataset/pokemon_jpg/pokemon_jpg/365.jpg,ice_water,90
Bivalve,water,,/home/chiragjishu/chirag/DiT/nanoDiT/dataset/pokemon_jpg/pokemon_jpg/366.jpg,water,137
Deep,water,,/home/chiragjishu/chirag/DiT/nanoDiT/dataset/pokemon_jpg/pokemon_jpg/367.jpg,water,137
South,water,,/home/chiragjishu/chirag/DiT/nanoDiT/dataset/pokemon_jpg/pokemon_jpg/368.jpg,water,137
Longevity,water,rock,/home/chiragjishu/chirag/DiT/nanoDiT/dataset/pokemon_jpg/pokemon_jpg/369.jpg,water_rock,150
Rendezvous,water,,/home/chiragjishu/chirag/DiT/nanoDiT/dataset/pokemon_jpg/pokemon_jpg/370.jpg,water,137
Rock,dragon,,/home/chiragjishu/chirag/DiT/nanoDiT/dataset/pokemon_jpg/pokemon_jpg/371.jpg,dragon,21
Endurance,dragon,,/home/chiragjishu/chirag/DiT/nanoDiT/dataset/pokemon_jpg/pokemon_jpg/372.jpg,dragon,21
Dragon,dragon,flying,/home/chiragjishu/chirag/DiT/nanoDiT/dataset/pokemon_jpg/pokemon_jpg/373.jpg,dragon_flying,24
Iron,steel,psychic,/home/chiragjishu/chirag/DiT/nanoDiT/dataset/pokemon_jpg/pokemon_jpg/374.jpg,steel_psychic,135
Iron,steel,psychic,/home/chiragjishu/chirag/DiT/nanoDiT/dataset/pokemon_jpg/pokemon_jpg/375.jpg,steel_psychic,135
Iron,steel,psychic,/home/chiragjishu/chirag/DiT/nanoDiT/dataset/pokemon_jpg/pokemon_jpg/376.jpg,steel_psychic,135
Rock,rock,,/home/chiragjishu/chirag/DiT/nanoDiT/dataset/pokemon_jpg/pokemon_jpg/377.jpg,rock,115
Iceberg,ice,,/home/chiragjishu/chirag/DiT/nanoDiT/dataset/pokemon_jpg/pokemon_jpg/378.jpg,ice,85
Iron,steel,,/home/chiragjishu/chirag/DiT/nanoDiT/dataset/pokemon_jpg/pokemon_jpg/379.jpg,steel,128
Eon,dragon,psychic,/home/chiragjishu/chirag/DiT/nanoDiT/dataset/pokemon_jpg/pokemon_jpg/380.jpg,dragon_psychic,27
Eon,dragon,psychic,/home/chiragjishu/chirag/DiT/nanoDiT/dataset/pokemon_jpg/pokemon_jpg/381.jpg,dragon_psychic,27
Sea,water,,/home/chiragjishu/chirag/DiT/nanoDiT/dataset/pokemon_jpg/pokemon_jpg/382.jpg,water,137
Continent,ground,,/home/chiragjishu/chirag/DiT/nanoDiT/dataset/pokemon_jpg/pokemon_jpg/383.jpg,ground,73
Sky,dragon,flying,/home/chiragjishu/chirag/DiT/nanoDiT/dataset/pokemon_jpg/pokemon_jpg/384.jpg,dragon_flying,24
Wish,steel,psychic,/home/chiragjishu/chirag/DiT/nanoDiT/dataset/pokemon_jpg/pokemon_jpg/385.jpg,steel_psychic,135
DNA,psychic,,/home/chiragjishu/chirag/DiT/nanoDiT/dataset/pokemon_jpg/pokemon_jpg/386.jpg,psychic,108
Tiny,grass,,/home/chiragjishu/chirag/DiT/nanoDiT/dataset/pokemon_jpg/pokemon_jpg/387.jpg,grass,62
Grove,grass,,/home/chiragjishu/chirag/DiT/nanoDiT/dataset/pokemon_jpg/pokemon_jpg/388.jpg,grass,62
Continent,grass,ground,/home/chiragjishu/chirag/DiT/nanoDiT/dataset/pokemon_jpg/pokemon_jpg/389.jpg,grass_ground,68
Chimp,fire,,/home/chiragjishu/chirag/DiT/nanoDiT/dataset/pokemon_jpg/pokemon_jpg/390.jpg,fire,42
Playful,fire,fighting,/home/chiragjishu/chirag/DiT/nanoDiT/dataset/pokemon_jpg/pokemon_jpg/391.jpg,fire_fighting,43
Flame,fire,fighting,/home/chiragjishu/chirag/DiT/nanoDiT/dataset/pokemon_jpg/pokemon_jpg/392.jpg,fire_fighting,43
Penguin,water,,/home/chiragjishu/chirag/DiT/nanoDiT/dataset/pokemon_jpg/pokemon_jpg/393.jpg,water,137
Penguin,water,,/home/chiragjishu/chirag/DiT/nanoDiT/dataset/pokemon_jpg/pokemon_jpg/394.jpg,water,137
Emperor,water,steel,/home/chiragjishu/chirag/DiT/nanoDiT/dataset/pokemon_jpg/pokemon_jpg/395.jpg,water_steel,151
Starling,normal,flying,/home/chiragjishu/chirag/DiT/nanoDiT/dataset/pokemon_jpg/pokemon_jpg/396.jpg,normal_flying,94
Starling,normal,flying,/home/chiragjishu/chirag/DiT/nanoDiT/dataset/pokemon_jpg/pokemon_jpg/397.jpg,normal_flying,94
Predator,normal,flying,/home/chiragjishu/chirag/DiT/nanoDiT/dataset/pokemon_jpg/pokemon_jpg/398.jpg,normal_flying,94
Plump,normal,,/home/chiragjishu/chirag/DiT/nanoDiT/dataset/pokemon_jpg/pokemon_jpg/399.jpg,normal,91
Beaver,normal,water,/home/chiragjishu/chirag/DiT/nanoDiT/dataset/pokemon_jpg/pokemon_jpg/400.jpg,normal_water,98
Cricket,bug,,/home/chiragjishu/chirag/DiT/nanoDiT/dataset/pokemon_jpg/pokemon_jpg/401.jpg,bug,0
Cricket,bug,,/home/chiragjishu/chirag/DiT/nanoDiT/dataset/pokemon_jpg/pokemon_jpg/402.jpg,bug,0
Flash,electric,,/home/chiragjishu/chirag/DiT/nanoDiT/dataset/pokemon_jpg/pokemon_jpg/403.jpg,electric,28
Spark,electric,,/home/chiragjishu/chirag/DiT/nanoDiT/dataset/pokemon_jpg/pokemon_jpg/404.jpg,electric,28
Gleam,electric,,/home/chiragjishu/chirag/DiT/nanoDiT/dataset/pokemon_jpg/pokemon_jpg/405.jpg,electric,28
Bud,grass,poison,/home/chiragjishu/chirag/DiT/nanoDiT/dataset/pokemon_jpg/pokemon_jpg/406.jpg,grass_poison,70
Bouquet,grass,poison,/home/chiragjishu/chirag/DiT/nanoDiT/dataset/pokemon_jpg/pokemon_jpg/407.jpg,grass_poison,70
Head,rock,,/home/chiragjishu/chirag/DiT/nanoDiT/dataset/pokemon_jpg/pokemon_jpg/408.jpg,rock,115
Head,rock,,/home/chiragjishu/chirag/DiT/nanoDiT/dataset/pokemon_jpg/pokemon_jpg/409.jpg,rock,115
Shield,rock,steel,/home/chiragjishu/chirag/DiT/nanoDiT/dataset/pokemon_jpg/pokemon_jpg/410.jpg,rock_steel,126
Shield,rock,steel,/home/chiragjishu/chirag/DiT/nanoDiT/dataset/pokemon_jpg/pokemon_jpg/411.jpg,rock_steel,126
Bagworm,bug,,/home/chiragjishu/chirag/DiT/nanoDiT/dataset/pokemon_jpg/pokemon_jpg/412.jpg,bug,0
Bagworm,bug,grass,/home/chiragjishu/chirag/DiT/nanoDiT/dataset/pokemon_jpg/pokemon_jpg/413.jpg,bug_grass,6
Moth,bug,flying,/home/chiragjishu/chirag/DiT/nanoDiT/dataset/pokemon_jpg/pokemon_jpg/414.jpg,bug_flying,4
Tiny,bug,flying,/home/chiragjishu/chirag/DiT/nanoDiT/dataset/pokemon_jpg/pokemon_jpg/415.jpg,bug_flying,4
Beehive,bug,flying,/home/chiragjishu/chirag/DiT/nanoDiT/dataset/pokemon_jpg/pokemon_jpg/416.jpg,bug_flying,4
EleSquirrel,electric,,/home/chiragjishu/chirag/DiT/nanoDiT/dataset/pokemon_jpg/pokemon_jpg/417.jpg,electric,28
Sea,water,,/home/chiragjishu/chirag/DiT/nanoDiT/dataset/pokemon_jpg/pokemon_jpg/418.jpg,water,137
Sea,water,,/home/chiragjishu/chirag/DiT/nanoDiT/dataset/pokemon_jpg/pokemon_jpg/419.jpg,water,137
Cherry,grass,,/home/chiragjishu/chirag/DiT/nanoDiT/dataset/pokemon_jpg/pokemon_jpg/420.jpg,grass,62
Blossom,grass,,/home/chiragjishu/chirag/DiT/nanoDiT/dataset/pokemon_jpg/pokemon_jpg/421.jpg,grass,62
Sea,water,,/home/chiragjishu/chirag/DiT/nanoDiT/dataset/pokemon_jpg/pokemon_jpg/422.jpg,water,137
Sea,water,ground,/home/chiragjishu/chirag/DiT/nanoDiT/dataset/pokemon_jpg/pokemon_jpg/423.jpg,water_ground,146
Long,normal,,/home/chiragjishu/chirag/DiT/nanoDiT/dataset/pokemon_jpg/pokemon_jpg/424.jpg,normal,91
Balloon,ghost,flying,/home/chiragjishu/chirag/DiT/nanoDiT/dataset/pokemon_jpg/pokemon_jpg/425.jpg,ghost_flying,59
Blimp,ghost,flying,/home/chiragjishu/chirag/DiT/nanoDiT/dataset/pokemon_jpg/pokemon_jpg/426.jpg,ghost_flying,59
Rabbit,normal,,/home/chiragjishu/chirag/DiT/nanoDiT/dataset/pokemon_jpg/pokemon_jpg/427.jpg,normal,91
Rabbit,normal,,/home/chiragjishu/chirag/DiT/nanoDiT/dataset/pokemon_jpg/pokemon_jpg/428.jpg,normal,91
Magical,ghost,,/home/chiragjishu/chirag/DiT/nanoDiT/dataset/pokemon_jpg/pokemon_jpg/429.jpg,ghost,55
Big,dark,flying,/home/chiragjishu/chirag/DiT/nanoDiT/dataset/pokemon_jpg/pokemon_jpg/430.jpg,dark_flying,16
Catty,normal,,/home/chiragjishu/chirag/DiT/nanoDiT/dataset/pokemon_jpg/pokemon_jpg/431.jpg,normal,91
Tiger,normal,,/home/chiragjishu/chirag/DiT/nanoDiT/dataset/pokemon_jpg/pokemon_jpg/432.jpg,normal,91
Bell,psychic,,/home/chiragjishu/chirag/DiT/nanoDiT/dataset/pokemon_jpg/pokemon_jpg/433.jpg,psychic,108
Skunk,poison,dark,/home/chiragjishu/chirag/DiT/nanoDiT/dataset/pokemon_jpg/pokemon_jpg/434.jpg,poison_dark,101
Skunk,poison,dark,/home/chiragjishu/chirag/DiT/nanoDiT/dataset/pokemon_jpg/pokemon_jpg/435.jpg,poison_dark,101
Bronze,steel,psychic,/home/chiragjishu/chirag/DiT/nanoDiT/dataset/pokemon_jpg/pokemon_jpg/436.jpg,steel_psychic,135
Bronze,steel,psychic,/home/chiragjishu/chirag/DiT/nanoDiT/dataset/pokemon_jpg/pokemon_jpg/437.jpg,steel_psychic,135
Bonsai,rock,,/home/chiragjishu/chirag/DiT/nanoDiT/dataset/pokemon_jpg/pokemon_jpg/438.jpg,rock,115
Mime,psychic,fairy,/home/chiragjishu/chirag/DiT/nanoDiT/dataset/pokemon_jpg/pokemon_jpg/439.jpg,psychic_fairy,109
Playhouse,normal,,/home/chiragjishu/chirag/DiT/nanoDiT/dataset/pokemon_jpg/pokemon_jpg/440.jpg,normal,91
Music,normal,flying,/home/chiragjishu/chirag/DiT/nanoDiT/dataset/pokemon_jpg/pokemon_jpg/441.jpg,normal_flying,94
Forbidden,ghost,dark,/home/chiragjishu/chirag/DiT/nanoDiT/dataset/pokemon_jpg/pokemon_jpg/442.jpg,ghost_dark,56
Land,dragon,ground,/home/chiragjishu/chirag/DiT/nanoDiT/dataset/pokemon_jpg/pokemon_jpg/443.jpg,dragon_ground,25
Cave,dragon,ground,/home/chiragjishu/chirag/DiT/nanoDiT/dataset/pokemon_jpg/pokemon_jpg/444.jpg,dragon_ground,25
Mach,dragon,ground,/home/chiragjishu/chirag/DiT/nanoDiT/dataset/pokemon_jpg/pokemon_jpg/445.jpg,dragon_ground,25
Big,normal,,/home/chiragjishu/chirag/DiT/nanoDiT/dataset/pokemon_jpg/pokemon_jpg/446.jpg,normal,91
Emanation,fighting,,/home/chiragjishu/chirag/DiT/nanoDiT/dataset/pokemon_jpg/pokemon_jpg/447.jpg,fighting,37
Aura,fighting,steel,/home/chiragjishu/chirag/DiT/nanoDiT/dataset/pokemon_jpg/pokemon_jpg/448.jpg,fighting_steel,41
Hippo,ground,,/home/chiragjishu/chirag/DiT/nanoDiT/dataset/pokemon_jpg/pokemon_jpg/449.jpg,ground,73
Heavyweight,ground,,/home/chiragjishu/chirag/DiT/nanoDiT/dataset/pokemon_jpg/pokemon_jpg/450.jpg,ground,73
Scorpion,poison,bug,/home/chiragjishu/chirag/DiT/nanoDiT/dataset/pokemon_jpg/pokemon_jpg/451.jpg,poison_bug,100
Ogre,poison,dark,/home/chiragjishu/chirag/DiT/nanoDiT/dataset/pokemon_jpg/pokemon_jpg/452.jpg,poison_dark,101
Toxic,poison,fighting,/home/chiragjishu/chirag/DiT/nanoDiT/dataset/pokemon_jpg/pokemon_jpg/453.jpg,poison_fighting,103
Toxic,poison,fighting,/home/chiragjishu/chirag/DiT/nanoDiT/dataset/pokemon_jpg/pokemon_jpg/454.jpg,poison_fighting,103
Bug,grass,,/home/chiragjishu/chirag/DiT/nanoDiT/dataset/pokemon_jpg/pokemon_jpg/455.jpg,grass,62
Wing,water,,/home/chiragjishu/chirag/DiT/nanoDiT/dataset/pokemon_jpg/pokemon_jpg/456.jpg,water,137
Neon,water,,/home/chiragjishu/chirag/DiT/nanoDiT/dataset/pokemon_jpg/pokemon_jpg/457.jpg,water,137
Kite,water,flying,/home/chiragjishu/chirag/DiT/nanoDiT/dataset/pokemon_jpg/pokemon_jpg/458.jpg,water_flying,143
Frosted,grass,ice,/home/chiragjishu/chirag/DiT/nanoDiT/dataset/pokemon_jpg/pokemon_jpg/459.jpg,grass_ice,69
Frosted,grass,ice,/home/chiragjishu/chirag/DiT/nanoDiT/dataset/pokemon_jpg/pokemon_jpg/460.jpg,grass_ice,69
Sharp,dark,ice,/home/chiragjishu/chirag/DiT/nanoDiT/dataset/pokemon_jpg/pokemon_jpg/461.jpg,dark_ice,18
Magnet,electric,steel,/home/chiragjishu/chirag/DiT/nanoDiT/dataset/pokemon_jpg/pokemon_jpg/462.jpg,electric_steel,34
Licking,normal,,/home/chiragjishu/chirag/DiT/nanoDiT/dataset/pokemon_jpg/pokemon_jpg/463.jpg,normal,91
Drill,ground,rock,/home/chiragjishu/chirag/DiT/nanoDiT/dataset/pokemon_jpg/pokemon_jpg/464.jpg,ground_rock,83
Vine,grass,,/home/chiragjishu/chirag/DiT/nanoDiT/dataset/pokemon_jpg/pokemon_jpg/465.jpg,grass,62
Thunderbolt,electric,,/home/chiragjishu/chirag/DiT/nanoDiT/dataset/pokemon_jpg/pokemon_jpg/466.jpg,electric,28
Blast,fire,,/home/chiragjishu/chirag/DiT/nanoDiT/dataset/pokemon_jpg/pokemon_jpg/467.jpg,fire,42
Jubilee,fairy,flying,/home/chiragjishu/chirag/DiT/nanoDiT/dataset/pokemon_jpg/pokemon_jpg/468.jpg,fairy_flying,36
Ogre,bug,flying,/home/chiragjishu/chirag/DiT/nanoDiT/dataset/pokemon_jpg/pokemon_jpg/469.jpg,bug_flying,4
Verdant,grass,,/home/chiragjishu/chirag/DiT/nanoDiT/dataset/pokemon_jpg/pokemon_jpg/470.jpg,grass,62
Fresh,ice,,/home/chiragjishu/chirag/DiT/nanoDiT/dataset/pokemon_jpg/pokemon_jpg/471.jpg,ice,85
Fang,ground,flying,/home/chiragjishu/chirag/DiT/nanoDiT/dataset/pokemon_jpg/pokemon_jpg/472.jpg,ground_flying,78
Twin,ice,ground,/home/chiragjishu/chirag/DiT/nanoDiT/dataset/pokemon_jpg/pokemon_jpg/473.jpg,ice_ground,88
Virtual,normal,,/home/chiragjishu/chirag/DiT/nanoDiT/dataset/pokemon_jpg/pokemon_jpg/474.jpg,normal,91
Blade,psychic,fighting,/home/chiragjishu/chirag/DiT/nanoDiT/dataset/pokemon_jpg/pokemon_jpg/475.jpg,psychic_fighting,110
Compass,rock,steel,/home/chiragjishu/chirag/DiT/nanoDiT/dataset/pokemon_jpg/pokemon_jpg/476.jpg,rock_steel,126
Gripper,ghost,,/home/chiragjishu/chirag/DiT/nanoDiT/dataset/pokemon_jpg/pokemon_jpg/477.jpg,ghost,55
Snow,ice,ghost,/home/chiragjishu/chirag/DiT/nanoDiT/dataset/pokemon_jpg/pokemon_jpg/478.jpg,ice_ghost,87
Plasma,electric,ghost,/home/chiragjishu/chirag/DiT/nanoDiT/dataset/pokemon_jpg/pokemon_jpg/479.jpg,electric_ghost,32
Knowledge,psychic,,/home/chiragjishu/chirag/DiT/nanoDiT/dataset/pokemon_jpg/pokemon_jpg/480.jpg,psychic,108
Emotion,psychic,,/home/chiragjishu/chirag/DiT/nanoDiT/dataset/pokemon_jpg/pokemon_jpg/481.jpg,psychic,108
Willpower,psychic,,/home/chiragjishu/chirag/DiT/nanoDiT/dataset/pokemon_jpg/pokemon_jpg/482.jpg,psychic,108
Temporal,steel,dragon,/home/chiragjishu/chirag/DiT/nanoDiT/dataset/pokemon_jpg/pokemon_jpg/483.jpg,steel_dragon,129
Spatial,water,dragon,/home/chiragjishu/chirag/DiT/nanoDiT/dataset/pokemon_jpg/pokemon_jpg/484.jpg,water_dragon,139
Lava,fire,steel,/home/chiragjishu/chirag/DiT/nanoDiT/dataset/pokemon_jpg/pokemon_jpg/485.jpg,fire_steel,51
Colossal,normal,,/home/chiragjishu/chirag/DiT/nanoDiT/dataset/pokemon_jpg/pokemon_jpg/486.jpg,normal,91
Renegade,ghost,dragon,/home/chiragjishu/chirag/DiT/nanoDiT/dataset/pokemon_jpg/pokemon_jpg/487.jpg,ghost_dragon,57
Lunar,psychic,,/home/chiragjishu/chirag/DiT/nanoDiT/dataset/pokemon_jpg/pokemon_jpg/488.jpg,psychic,108
Sea,water,,/home/chiragjishu/chirag/DiT/nanoDiT/dataset/pokemon_jpg/pokemon_jpg/489.jpg,water,137
Seafaring,water,,/home/chiragjishu/chirag/DiT/nanoDiT/dataset/pokemon_jpg/pokemon_jpg/490.jpg,water,137
Pitch-Black,dark,,/home/chiragjishu/chirag/DiT/nanoDiT/dataset/pokemon_jpg/pokemon_jpg/491.jpg,dark,12
Gratitude,grass,grass,/home/chiragjishu/chirag/DiT/nanoDiT/dataset/pokemon_jpg/pokemon_jpg/492.jpg,grass_grass,67
Alpha,normal,,/home/chiragjishu/chirag/DiT/nanoDiT/dataset/pokemon_jpg/pokemon_jpg/493.jpg,normal,91
Victory,psychic,fire,/home/chiragjishu/chirag/DiT/nanoDiT/dataset/pokemon_jpg/pokemon_jpg/494.jpg,psychic_fire,111
Grass,grass,,/home/chiragjishu/chirag/DiT/nanoDiT/dataset/pokemon_jpg/pokemon_jpg/495.jpg,grass,62
Grass,grass,,/home/chiragjishu/chirag/DiT/nanoDiT/dataset/pokemon_jpg/pokemon_jpg/496.jpg,grass,62
Regal,grass,,/home/chiragjishu/chirag/DiT/nanoDiT/dataset/pokemon_jpg/pokemon_jpg/497.jpg,grass,62
Fire,fire,,/home/chiragjishu/chirag/DiT/nanoDiT/dataset/pokemon_jpg/pokemon_jpg/498.jpg,fire,42
Fire,fire,fighting,/home/chiragjishu/chirag/DiT/nanoDiT/dataset/pokemon_jpg/pokemon_jpg/499.jpg,fire_fighting,43
Mega,fire,fighting,/home/chiragjishu/chirag/DiT/nanoDiT/dataset/pokemon_jpg/pokemon_jpg/500.jpg,fire_fighting,43
Sea,water,,/home/chiragjishu/chirag/DiT/nanoDiT/dataset/pokemon_jpg/pokemon_jpg/501.jpg,water,137
Discipline,water,,/home/chiragjishu/chirag/DiT/nanoDiT/dataset/pokemon_jpg/pokemon_jpg/502.jpg,water,137
Formidable,water,,/home/chiragjishu/chirag/DiT/nanoDiT/dataset/pokemon_jpg/pokemon_jpg/503.jpg,water,137
Scout,normal,,/home/chiragjishu/chirag/DiT/nanoDiT/dataset/pokemon_jpg/pokemon_jpg/504.jpg,normal,91
Lookout,normal,,/home/chiragjishu/chirag/DiT/nanoDiT/dataset/pokemon_jpg/pokemon_jpg/505.jpg,normal,91
Puppy,normal,,/home/chiragjishu/chirag/DiT/nanoDiT/dataset/pokemon_jpg/pokemon_jpg/506.jpg,normal,91
Loyal,normal,,/home/chiragjishu/chirag/DiT/nanoDiT/dataset/pokemon_jpg/pokemon_jpg/507.jpg,normal,91
Big-Hearted,normal,,/home/chiragjishu/chirag/DiT/nanoDiT/dataset/pokemon_jpg/pokemon_jpg/508.jpg,normal,91
Devious,dark,,/home/chiragjishu/chirag/DiT/nanoDiT/dataset/pokemon_jpg/pokemon_jpg/509.jpg,dark,12
Cruel,dark,,/home/chiragjishu/chirag/DiT/nanoDiT/dataset/pokemon_jpg/pokemon_jpg/510.jpg,dark,12
Grass,grass,,/home/chiragjishu/chirag/DiT/nanoDiT/dataset/pokemon_jpg/pokemon_jpg/511.jpg,grass,62
Thorn,grass,,/home/chiragjishu/chirag/DiT/nanoDiT/dataset/pokemon_jpg/pokemon_jpg/512.jpg,grass,62
High,fire,,/home/chiragjishu/chirag/DiT/nanoDiT/dataset/pokemon_jpg/pokemon_jpg/513.jpg,fire,42
Ember,fire,,/home/chiragjishu/chirag/DiT/nanoDiT/dataset/pokemon_jpg/pokemon_jpg/514.jpg,fire,42
Spray,water,,/home/chiragjishu/chirag/DiT/nanoDiT/dataset/pokemon_jpg/pokemon_jpg/515.jpg,water,137
Geyser,water,,/home/chiragjishu/chirag/DiT/nanoDiT/dataset/pokemon_jpg/pokemon_jpg/516.jpg,water,137
Dream,psychic,,/home/chiragjishu/chirag/DiT/nanoDiT/dataset/pokemon_jpg/pokemon_jpg/517.jpg,psychic,108
Drowsing,psychic,,/home/chiragjishu/chirag/DiT/nanoDiT/dataset/pokemon_jpg/pokemon_jpg/518.jpg,psychic,108
Tiny,normal,flying,/home/chiragjishu/chirag/DiT/nanoDiT/dataset/pokemon_jpg/pokemon_jpg/519.jpg,normal_flying,94
Wild,normal,flying,/home/chiragjishu/chirag/DiT/nanoDiT/dataset/pokemon_jpg/pokemon_jpg/520.jpg,normal_flying,94
Proud,normal,flying,/home/chiragjishu/chirag/DiT/nanoDiT/dataset/pokemon_jpg/pokemon_jpg/521.jpg,normal_flying,94
Electrified,electric,,/home/chiragjishu/chirag/DiT/nanoDiT/dataset/pokemon_jpg/pokemon_jpg/522.jpg,electric,28
Thunderbolt,electric,,/home/chiragjishu/chirag/DiT/nanoDiT/dataset/pokemon_jpg/pokemon_jpg/523.jpg,electric,28
Mantle,rock,,/home/chiragjishu/chirag/DiT/nanoDiT/dataset/pokemon_jpg/pokemon_jpg/524.jpg,rock,115
Ore,rock,,/home/chiragjishu/chirag/DiT/nanoDiT/dataset/pokemon_jpg/pokemon_jpg/525.jpg,rock,115
Compressed,rock,,/home/chiragjishu/chirag/DiT/nanoDiT/dataset/pokemon_jpg/pokemon_jpg/526.jpg,rock,115
Bat,psychic,flying,/home/chiragjishu/chirag/DiT/nanoDiT/dataset/pokemon_jpg/pokemon_jpg/527.jpg,psychic_flying,112
Courting,psychic,flying,/home/chiragjishu/chirag/DiT/nanoDiT/dataset/pokemon_jpg/pokemon_jpg/528.jpg,psychic_flying,112
Mole,ground,,/home/chiragjishu/chirag/DiT/nanoDiT/dataset/pokemon_jpg/pokemon_jpg/529.jpg,ground,73
Subterrene,ground,steel,/home/chiragjishu/chirag/DiT/nanoDiT/dataset/pokemon_jpg/pokemon_jpg/530.jpg,ground_steel,84
Hearing,normal,,/home/chiragjishu/chirag/DiT/nanoDiT/dataset/pokemon_jpg/pokemon_jpg/531.jpg,normal,91
Muscular,fighting,,/home/chiragjishu/chirag/DiT/nanoDiT/dataset/pokemon_jpg/pokemon_jpg/532.jpg,fighting,37
Muscular,fighting,,/home/chiragjishu/chirag/DiT/nanoDiT/dataset/pokemon_jpg/pokemon_jpg/533.jpg,fighting,37
Muscular,fighting,,/home/chiragjishu/chirag/DiT/nanoDiT/dataset/pokemon_jpg/pokemon_jpg/534.jpg,fighting,37
Tadpole,water,,/home/chiragjishu/chirag/DiT/nanoDiT/dataset/pokemon_jpg/pokemon_jpg/535.jpg,water,137
Vibration,water,ground,/home/chiragjishu/chirag/DiT/nanoDiT/dataset/pokemon_jpg/pokemon_jpg/536.jpg,water_ground,146
Vibration,water,ground,/home/chiragjishu/chirag/DiT/nanoDiT/dataset/pokemon_jpg/pokemon_jpg/537.jpg,water_ground,146
Judo,fighting,,/home/chiragjishu/chirag/DiT/nanoDiT/dataset/pokemon_jpg/pokemon_jpg/538.jpg,fighting,37
Karate,fighting,,/home/chiragjishu/chirag/DiT/nanoDiT/dataset/pokemon_jpg/pokemon_jpg/539.jpg,fighting,37
Sewing,bug,grass,/home/chiragjishu/chirag/DiT/nanoDiT/dataset/pokemon_jpg/pokemon_jpg/540.jpg,bug_grass,6
Leaf-Wrapped,bug,grass,/home/chiragjishu/chirag/DiT/nanoDiT/dataset/pokemon_jpg/pokemon_jpg/541.jpg,bug_grass,6
Nurturing,bug,grass,/home/chiragjishu/chirag/DiT/nanoDiT/dataset/pokemon_jpg/pokemon_jpg/542.jpg,bug_grass,6
Centipede,bug,poison,/home/chiragjishu/chirag/DiT/nanoDiT/dataset/pokemon_jpg/pokemon_jpg/543.jpg,bug_poison,8
Curlipede,bug,poison,/home/chiragjishu/chirag/DiT/nanoDiT/dataset/pokemon_jpg/pokemon_jpg/544.jpg,bug_poison,8
Megapede,bug,poison,/home/chiragjishu/chirag/DiT/nanoDiT/dataset/pokemon_jpg/pokemon_jpg/545.jpg,bug_poison,8
Cotton,grass,fairy,/home/chiragjishu/chirag/DiT/nanoDiT/dataset/pokemon_jpg/pokemon_jpg/546.jpg,grass_fairy,64
Windveiled,grass,fairy,/home/chiragjishu/chirag/DiT/nanoDiT/dataset/pokemon_jpg/pokemon_jpg/547.jpg,grass_fairy,64
Bulb,grass,,/home/chiragjishu/chirag/DiT/nanoDiT/dataset/pokemon_jpg/pokemon_jpg/548.jpg,grass,62
Flowering,grass,,/home/chiragjishu/chirag/DiT/nanoDiT/dataset/pokemon_jpg/pokemon_jpg/549.jpg,grass,62
Hostile,water,,/home/chiragjishu/chirag/DiT/nanoDiT/dataset/pokemon_jpg/pokemon_jpg/550.jpg,water,137
Desert,ground,dark,/home/chiragjishu/chirag/DiT/nanoDiT/dataset/pokemon_jpg/pokemon_jpg/551.jpg,ground_dark,74
Desert,ground,dark,/home/chiragjishu/chirag/DiT/nanoDiT/dataset/pokemon_jpg/pokemon_jpg/552.jpg,ground_dark,74
Intimidation,ground,dark,/home/chiragjishu/chirag/DiT/nanoDiT/dataset/pokemon_jpg/pokemon_jpg/553.jpg,ground_dark,74
Zen,fire,,/home/chiragjishu/chirag/DiT/nanoDiT/dataset/pokemon_jpg/pokemon_jpg/554.jpg,fire,42
Blazing,fire,fire,/home/chiragjishu/chirag/DiT/nanoDiT/dataset/pokemon_jpg/pokemon_jpg/555.jpg,fire_fire,44
Cactus,grass,,/home/chiragjishu/chirag/DiT/nanoDiT/dataset/pokemon_jpg/pokemon_jpg/556.jpg,grass,62
Rock,bug,rock,/home/chiragjishu/chirag/DiT/nanoDiT/dataset/pokemon_jpg/pokemon_jpg/557.jpg,bug_rock,9
Stone,bug,rock,/home/chiragjishu/chirag/DiT/nanoDiT/dataset/pokemon_jpg/pokemon_jpg/558.jpg,bug_rock,9
Shedding,dark,fighting,/home/chiragjishu/chirag/DiT/nanoDiT/dataset/pokemon_jpg/pokemon_jpg/559.jpg,dark_fighting,14
Hoodlum,dark,fighting,/home/chiragjishu/chirag/DiT/nanoDiT/dataset/pokemon_jpg/pokemon_jpg/560.jpg,dark_fighting,14
Avianoid,psychic,flying,/home/chiragjishu/chirag/DiT/nanoDiT/dataset/pokemon_jpg/pokemon_jpg/561.jpg,psychic_flying,112
Spirit,ghost,,/home/chiragjishu/chirag/DiT/nanoDiT/dataset/pokemon_jpg/pokemon_jpg/562.jpg,ghost,55
Coffin,ghost,,/home/chiragjishu/chirag/DiT/nanoDiT/dataset/pokemon_jpg/pokemon_jpg/563.jpg,ghost,55
Prototurtle,water,rock,/home/chiragjishu/chirag/DiT/nanoDiT/dataset/pokemon_jpg/pokemon_jpg/564.jpg,water_rock,150
Prototurtle,water,rock,/home/chiragjishu/chirag/DiT/nanoDiT/dataset/pokemon_jpg/pokemon_jpg/565.jpg,water_rock,150
First,rock,flying,/home/chiragjishu/chirag/DiT/nanoDiT/dataset/pokemon_jpg/pokemon_jpg/566.jpg,rock_flying,121
First,rock,flying,/home/chiragjishu/chirag/DiT/nanoDiT/dataset/pokemon_jpg/pokemon_jpg/567.jpg,rock_flying,121
Trash,poison,,/home/chiragjishu/chirag/DiT/nanoDiT/dataset/pokemon_jpg/pokemon_jpg/568.jpg,poison,99
Trash,poison,,/home/chiragjishu/chirag/DiT/nanoDiT/dataset/pokemon_jpg/pokemon_jpg/569.jpg,poison,99
Tricky,dark,,/home/chiragjishu/chirag/DiT/nanoDiT/dataset/pokemon_jpg/pokemon_jpg/570.jpg,dark,12
Illusion,dark,,/home/chiragjishu/chirag/DiT/nanoDiT/dataset/pokemon_jpg/pokemon_jpg/571.jpg,dark,12
Chinchilla,normal,,/home/chiragjishu/chirag/DiT/nanoDiT/dataset/pokemon_jpg/pokemon_jpg/572.jpg,normal,91
Scarf,normal,,/home/chiragjishu/chirag/DiT/nanoDiT/dataset/pokemon_jpg/pokemon_jpg/573.jpg,normal,91
Fixation,psychic,,/home/chiragjishu/chirag/DiT/nanoDiT/dataset/pokemon_jpg/pokemon_jpg/574.jpg,psychic,108
Manipulate,psychic,,/home/chiragjishu/chirag/DiT/nanoDiT/dataset/pokemon_jpg/pokemon_jpg/575.jpg,psychic,108
Astral,psychic,,/home/chiragjishu/chirag/DiT/nanoDiT/dataset/pokemon_jpg/pokemon_jpg/576.jpg,psychic,108
Cell,psychic,,/home/chiragjishu/chirag/DiT/nanoDiT/dataset/pokemon_jpg/pokemon_jpg/577.jpg,psychic,108
Mitosis,psychic,,/home/chiragjishu/chirag/DiT/nanoDiT/dataset/pokemon_jpg/pokemon_jpg/578.jpg,psychic,108
Multiplying,psychic,,/home/chiragjishu/chirag/DiT/nanoDiT/dataset/pokemon_jpg/pokemon_jpg/579.jpg,psychic,108
Water,water,flying,/home/chiragjishu/chirag/DiT/nanoDiT/dataset/pokemon_jpg/pokemon_jpg/580.jpg,water_flying,143
White,water,flying,/home/chiragjishu/chirag/DiT/nanoDiT/dataset/pokemon_jpg/pokemon_jpg/581.jpg,water_flying,143
Fresh,ice,,/home/chiragjishu/chirag/DiT/nanoDiT/dataset/pokemon_jpg/pokemon_jpg/582.jpg,ice,85
Icy,ice,,/home/chiragjishu/chirag/DiT/nanoDiT/dataset/pokemon_jpg/pokemon_jpg/583.jpg,ice,85
Snowstorm,ice,,/home/chiragjishu/chirag/DiT/nanoDiT/dataset/pokemon_jpg/pokemon_jpg/584.jpg,ice,85
Season,normal,grass,/home/chiragjishu/chirag/DiT/nanoDiT/dataset/pokemon_jpg/pokemon_jpg/585.jpg,normal_grass,95
Season,normal,grass,/home/chiragjishu/chirag/DiT/nanoDiT/dataset/pokemon_jpg/pokemon_jpg/586.jpg,normal_grass,95
Sky,electric,flying,/home/chiragjishu/chirag/DiT/nanoDiT/dataset/pokemon_jpg/pokemon_jpg/587.jpg,electric_flying,31
Clamping,bug,,/home/chiragjishu/chirag/DiT/nanoDiT/dataset/pokemon_jpg/pokemon_jpg/588.jpg,bug,0
Cavalry,bug,steel,/home/chiragjishu/chirag/DiT/nanoDiT/dataset/pokemon_jpg/pokemon_jpg/589.jpg,bug_steel,10
Mushroom,grass,poison,/home/chiragjishu/chirag/DiT/nanoDiT/dataset/pokemon_jpg/pokemon_jpg/590.jpg,grass_poison,70
Mushroom,grass,poison,/home/chiragjishu/chirag/DiT/nanoDiT/dataset/pokemon_jpg/pokemon_jpg/591.jpg,grass_poison,70
Floating,water,ghost,/home/chiragjishu/chirag/DiT/nanoDiT/dataset/pokemon_jpg/pokemon_jpg/592.jpg,water_ghost,144
Floating,water,ghost,/home/chiragjishu/chirag/DiT/nanoDiT/dataset/pokemon_jpg/pokemon_jpg/593.jpg,water_ghost,144
Caring,water,,/home/chiragjishu/chirag/DiT/nanoDiT/dataset/pokemon_jpg/pokemon_jpg/594.jpg,water,137
Attaching,bug,electric,/home/chiragjishu/chirag/DiT/nanoDiT/dataset/pokemon_jpg/pokemon_jpg/595.jpg,bug_electric,1
EleSpider,bug,electric,/home/chiragjishu/chirag/DiT/nanoDiT/dataset/pokemon_jpg/pokemon_jpg/596.jpg,bug_electric,1
Thorn,grass,steel,/home/chiragjishu/chirag/DiT/nanoDiT/dataset/pokemon_jpg/pokemon_jpg/597.jpg,grass_steel,72
Thorn,grass,steel,/home/chiragjishu/chirag/DiT/nanoDiT/dataset/pokemon_jpg/pokemon_jpg/598.jpg,grass_steel,72
Gear,steel,,/home/chiragjishu/chirag/DiT/nanoDiT/dataset/pokemon_jpg/pokemon_jpg/599.jpg,steel,128
Gear,steel,,/home/chiragjishu/chirag/DiT/nanoDiT/dataset/pokemon_jpg/pokemon_jpg/600.jpg,steel,128
Gear,steel,,/home/chiragjishu/chirag/DiT/nanoDiT/dataset/pokemon_jpg/pokemon_jpg/601.jpg,steel,128
EleFish,electric,,/home/chiragjishu/chirag/DiT/nanoDiT/dataset/pokemon_jpg/pokemon_jpg/602.jpg,electric,28
EleFish,electric,,/home/chiragjishu/chirag/DiT/nanoDiT/dataset/pokemon_jpg/pokemon_jpg/603.jpg,electric,28
EleFish,electric,,/home/chiragjishu/chirag/DiT/nanoDiT/dataset/pokemon_jpg/pokemon_jpg/604.jpg,electric,28
Cerebral,psychic,,/home/chiragjishu/chirag/DiT/nanoDiT/dataset/pokemon_jpg/pokemon_jpg/605.jpg,psychic,108
Cerebral,psychic,,/home/chiragjishu/chirag/DiT/nanoDiT/dataset/pokemon_jpg/pokemon_jpg/606.jpg,psychic,108
Candle,ghost,fire,/home/chiragjishu/chirag/DiT/nanoDiT/dataset/pokemon_jpg/pokemon_jpg/607.jpg,ghost_fire,58
Lamp,ghost,fire,/home/chiragjishu/chirag/DiT/nanoDiT/dataset/pokemon_jpg/pokemon_jpg/608.jpg,ghost_fire,58
Luring,ghost,fire,/home/chiragjishu/chirag/DiT/nanoDiT/dataset/pokemon_jpg/pokemon_jpg/609.jpg,ghost_fire,58
Tusk,dragon,,/home/chiragjishu/chirag/DiT/nanoDiT/dataset/pokemon_jpg/pokemon_jpg/610.jpg,dragon,21
Axe,dragon,,/home/chiragjishu/chirag/DiT/nanoDiT/dataset/pokemon_jpg/pokemon_jpg/611.jpg,dragon,21
Axe,dragon,,/home/chiragjishu/chirag/DiT/nanoDiT/dataset/pokemon_jpg/pokemon_jpg/612.jpg,dragon,21
Chill,ice,,/home/chiragjishu/chirag/DiT/nanoDiT/dataset/pokemon_jpg/pokemon_jpg/613.jpg,ice,85
Freezing,ice,,/home/chiragjishu/chirag/DiT/nanoDiT/dataset/pokemon_jpg/pokemon_jpg/614.jpg,ice,85
Crystallizing,ice,,/home/chiragjishu/chirag/DiT/nanoDiT/dataset/pokemon_jpg/pokemon_jpg/615.jpg,ice,85
Snail,bug,,/home/chiragjishu/chirag/DiT/nanoDiT/dataset/pokemon_jpg/pokemon_jpg/616.jpg,bug,0
Shell,bug,,/home/chiragjishu/chirag/DiT/nanoDiT/dataset/pokemon_jpg/pokemon_jpg/617.jpg,bug,0
Trap,ground,electric,/home/chiragjishu/chirag/DiT/nanoDiT/dataset/pokemon_jpg/pokemon_jpg/618.jpg,ground_electric,76
Martial,fighting,,/home/chiragjishu/chirag/DiT/nanoDiT/dataset/pokemon_jpg/pokemon_jpg/619.jpg,fighting,37
Martial,fighting,,/home/chiragjishu/chirag/DiT/nanoDiT/dataset/pokemon_jpg/pokemon_jpg/620.jpg,fighting,37
Cave,dragon,,/home/chiragjishu/chirag/DiT/nanoDiT/dataset/pokemon_jpg/pokemon_jpg/621.jpg,dragon,21
Automaton,ground,ghost,/home/chiragjishu/chirag/DiT/nanoDiT/dataset/pokemon_jpg/pokemon_jpg/622.jpg,ground_ghost,79
Automaton,ground,ghost,/home/chiragjishu/chirag/DiT/nanoDiT/dataset/pokemon_jpg/pokemon_jpg/623.jpg,ground_ghost,79
Sharp,dark,steel,/home/chiragjishu/chirag/DiT/nanoDiT/dataset/pokemon_jpg/pokemon_jpg/624.jpg,dark_steel,20
Sword,dark,steel,/home/chiragjishu/chirag/DiT/nanoDiT/dataset/pokemon_jpg/pokemon_jpg/625.jpg,dark_steel,20
Bash,normal,,/home/chiragjishu/chirag/DiT/nanoDiT/dataset/pokemon_jpg/pokemon_jpg/626.jpg,normal,91
Eaglet,normal,flying,/home/chiragjishu/chirag/DiT/nanoDiT/dataset/pokemon_jpg/pokemon_jpg/627.jpg,normal_flying,94
Valiant,normal,flying,/home/chiragjishu/chirag/DiT/nanoDiT/dataset/pokemon_jpg/pokemon_jpg/628.jpg,normal_flying,94
Diapered,dark,flying,/home/chiragjishu/chirag/DiT/nanoDiT/dataset/pokemon_jpg/pokemon_jpg/629.jpg,dark_flying,16
Bone,dark,flying,/home/chiragjishu/chirag/DiT/nanoDiT/dataset/pokemon_jpg/pokemon_jpg/630.jpg,dark_flying,16
Anteater,fire,,/home/chiragjishu/chirag/DiT/nanoDiT/dataset/pokemon_jpg/pokemon_jpg/631.jpg,fire,42
Iron,bug,steel,/home/chiragjishu/chirag/DiT/nanoDiT/dataset/pokemon_jpg/pokemon_jpg/632.jpg,bug_steel,10
Irate,dark,dragon,/home/chiragjishu/chirag/DiT/nanoDiT/dataset/pokemon_jpg/pokemon_jpg/633.jpg,dark_dragon,13
Hostile,dark,dragon,/home/chiragjishu/chirag/DiT/nanoDiT/dataset/pokemon_jpg/pokemon_jpg/634.jpg,dark_dragon,13
Brutal,dark,dragon,/home/chiragjishu/chirag/DiT/nanoDiT/dataset/pokemon_jpg/pokemon_jpg/635.jpg,dark_dragon,13
Torch,bug,fire,/home/chiragjishu/chirag/DiT/nanoDiT/dataset/pokemon_jpg/pokemon_jpg/636.jpg,bug_fire,3
Sun,bug,fire,/home/chiragjishu/chirag/DiT/nanoDiT/dataset/pokemon_jpg/pokemon_jpg/637.jpg,bug_fire,3
Iron,steel,fighting,/home/chiragjishu/chirag/DiT/nanoDiT/dataset/pokemon_jpg/pokemon_jpg/638.jpg,steel_fighting,131
Cavern,rock,fighting,/home/chiragjishu/chirag/DiT/nanoDiT/dataset/pokemon_jpg/pokemon_jpg/639.jpg,rock_fighting,120
Grassland,grass,fighting,/home/chiragjishu/chirag/DiT/nanoDiT/dataset/pokemon_jpg/pokemon_jpg/640.jpg,grass_fighting,65
Cyclone,flying,,/home/chiragjishu/chirag/DiT/nanoDiT/dataset/pokemon_jpg/pokemon_jpg/641.jpg,flying,53
Bolt,electric,flying,/home/chiragjishu/chirag/DiT/nanoDiT/dataset/pokemon_jpg/pokemon_jpg/642.jpg,electric_flying,31
Vast,dragon,fire,/home/chiragjishu/chirag/DiT/nanoDiT/dataset/pokemon_jpg/pokemon_jpg/643.jpg,dragon_fire,23
Deep,dragon,electric,/home/chiragjishu/chirag/DiT/nanoDiT/dataset/pokemon_jpg/pokemon_jpg/644.jpg,dragon_electric,22
Abundance,ground,flying,/home/chiragjishu/chirag/DiT/nanoDiT/dataset/pokemon_jpg/pokemon_jpg/645.jpg,ground_flying,78
Boundary,dragon,ice,/home/chiragjishu/chirag/DiT/nanoDiT/dataset/pokemon_jpg/pokemon_jpg/646.jpg,dragon_ice,26
Colt,water,fighting,/home/chiragjishu/chirag/DiT/nanoDiT/dataset/pokemon_jpg/pokemon_jpg/647.jpg,water_fighting,142
Melody,normal,psychic,/home/chiragjishu/chirag/DiT/nanoDiT/dataset/pokemon_jpg/pokemon_jpg/648.jpg,normal_psychic,97
Paleozoic,bug,steel,/home/chiragjishu/chirag/DiT/nanoDiT/dataset/pokemon_jpg/pokemon_jpg/649.jpg,bug_steel,10
Spiky,grass,,/home/chiragjishu/chirag/DiT/nanoDiT/dataset/pokemon_jpg/pokemon_jpg/650.jpg,grass,62
Spiny,grass,,/home/chiragjishu/chirag/DiT/nanoDiT/dataset/pokemon_jpg/pokemon_jpg/651.jpg,grass,62
Spiny,grass,fighting,/home/chiragjishu/chirag/DiT/nanoDiT/dataset/pokemon_jpg/pokemon_jpg/652.jpg,grass_fighting,65
Fox,fire,,/home/chiragjishu/chirag/DiT/nanoDiT/dataset/pokemon_jpg/pokemon_jpg/653.jpg,fire,42
Fox,fire,,/home/chiragjishu/chirag/DiT/nanoDiT/dataset/pokemon_jpg/pokemon_jpg/654.jpg,fire,42
Fox,fire,psychic,/home/chiragjishu/chirag/DiT/nanoDiT/dataset/pokemon_jpg/pokemon_jpg/655.jpg,fire_psychic,49
Bubble,water,,/home/chiragjishu/chirag/DiT/nanoDiT/dataset/pokemon_jpg/pokemon_jpg/656.jpg,water,137
Bubble,water,,/home/chiragjishu/chirag/DiT/nanoDiT/dataset/pokemon_jpg/pokemon_jpg/657.jpg,water,137
Ninja,water,dark,/home/chiragjishu/chirag/DiT/nanoDiT/dataset/pokemon_jpg/pokemon_jpg/658.jpg,water_dark,138
Digging,normal,,/home/chiragjishu/chirag/DiT/nanoDiT/dataset/pokemon_jpg/pokemon_jpg/659.jpg,normal,91
Digging,normal,ground,/home/chiragjishu/chirag/DiT/nanoDiT/dataset/pokemon_jpg/pokemon_jpg/660.jpg,normal_ground,96
Tiny,normal,flying,/home/chiragjishu/chirag/DiT/nanoDiT/dataset/pokemon_jpg/pokemon_jpg/661.jpg,normal_flying,94
Ember,fire,flying,/home/chiragjishu/chirag/DiT/nanoDiT/dataset/pokemon_jpg/pokemon_jpg/662.jpg,fire_flying,45
Scorching,fire,flying,/home/chiragjishu/chirag/DiT/nanoDiT/dataset/pokemon_jpg/pokemon_jpg/663.jpg,fire_flying,45
Scatterdust,bug,,/home/chiragjishu/chirag/DiT/nanoDiT/dataset/pokemon_jpg/pokemon_jpg/664.jpg,bug,0
Scatterdust,bug,,/home/chiragjishu/chirag/DiT/nanoDiT/dataset/pokemon_jpg/pokemon_jpg/665.jpg,bug,0
Scale,bug,flying,/home/chiragjishu/chirag/DiT/nanoDiT/dataset/pokemon_jpg/pokemon_jpg/666.jpg,bug_flying,4
Lion,fire,normal,/home/chiragjishu/chirag/DiT/nanoDiT/dataset/pokemon_jpg/pokemon_jpg/667.jpg,fire_normal,48
Royal,fire,normal,/home/chiragjishu/chirag/DiT/nanoDiT/dataset/pokemon_jpg/pokemon_jpg/668.jpg,fire_normal,48
Single,fairy,,/home/chiragjishu/chirag/DiT/nanoDiT/dataset/pokemon_jpg/pokemon_jpg/669.jpg,fairy,35
Fairy,fairy,,/home/chiragjishu/chirag/DiT/nanoDiT/dataset/pokemon_jpg/pokemon_jpg/670.jpg,fairy,35
Garden,fairy,,/home/chiragjishu/chirag/DiT/nanoDiT/dataset/pokemon_jpg/pokemon_jpg/671.jpg,fairy,35
Mount,grass,,/home/chiragjishu/chirag/DiT/nanoDiT/dataset/pokemon_jpg/pokemon_jpg/672.jpg,grass,62
Mount,grass,,/home/chiragjishu/chirag/DiT/nanoDiT/dataset/pokemon_jpg/pokemon_jpg/673.jpg,grass,62
Playful,fighting,,/home/chiragjishu/chirag/DiT/nanoDiT/dataset/pokemon_jpg/pokemon_jpg/674.jpg,fighting,37
Daunting,fighting,dark,/home/chiragjishu/chirag/DiT/nanoDiT/dataset/pokemon_jpg/pokemon_jpg/675.jpg,fighting_dark,38
Poodle,normal,,/home/chiragjishu/chirag/DiT/nanoDiT/dataset/pokemon_jpg/pokemon_jpg/676.jpg,normal,91
Restraint,psychic,,/home/chiragjishu/chirag/DiT/nanoDiT/dataset/pokemon_jpg/pokemon_jpg/677.jpg,psychic,108
Constraint,psychic,,/home/chiragjishu/chirag/DiT/nanoDiT/dataset/pokemon_jpg/pokemon_jpg/678.jpg,psychic,108
Sword,steel,ghost,/home/chiragjishu/chirag/DiT/nanoDiT/dataset/pokemon_jpg/pokemon_jpg/679.jpg,steel_ghost,133
Sword,steel,ghost,/home/chiragjishu/chirag/DiT/nanoDiT/dataset/pokemon_jpg/pokemon_jpg/680.jpg,steel_ghost,133
Royal,steel,ghost,/home/chiragjishu/chirag/DiT/nanoDiT/dataset/pokemon_jpg/pokemon_jpg/681.jpg,steel_ghost,133
Perfume,fairy,,/home/chiragjishu/chirag/DiT/nanoDiT/dataset/pokemon_jpg/pokemon_jpg/682.jpg,fairy,35
Fragrance,fairy,,/home/chiragjishu/chirag/DiT/nanoDiT/dataset/pokemon_jpg/pokemon_jpg/683.jpg,fairy,35
Cotton,fairy,,/home/chiragjishu/chirag/DiT/nanoDiT/dataset/pokemon_jpg/pokemon_jpg/684.jpg,fairy,35
Meringue,fairy,,/home/chiragjishu/chirag/DiT/nanoDiT/dataset/pokemon_jpg/pokemon_jpg/685.jpg,fairy,35
Revolving,dark,psychic,/home/chiragjishu/chirag/DiT/nanoDiT/dataset/pokemon_jpg/pokemon_jpg/686.jpg,dark_psychic,19
Overturning,dark,psychic,/home/chiragjishu/chirag/DiT/nanoDiT/dataset/pokemon_jpg/pokemon_jpg/687.jpg,dark_psychic,19
Two-Handed,rock,water,/home/chiragjishu/chirag/DiT/nanoDiT/dataset/pokemon_jpg/pokemon_jpg/688.jpg,rock_water,127
Collective,rock,water,/home/chiragjishu/chirag/DiT/nanoDiT/dataset/pokemon_jpg/pokemon_jpg/689.jpg,rock_water,127
Mock,poison,water,/home/chiragjishu/chirag/DiT/nanoDiT/dataset/pokemon_jpg/pokemon_jpg/690.jpg,poison_water,107
Mock,poison,dragon,/home/chiragjishu/chirag/DiT/nanoDiT/dataset/pokemon_jpg/pokemon_jpg/691.jpg,poison_dragon,102
Water,water,,/home/chiragjishu/chirag/DiT/nanoDiT/dataset/pokemon_jpg/pokemon_jpg/692.jpg,water,137
Howitzer,water,,/home/chiragjishu/chirag/DiT/nanoDiT/dataset/pokemon_jpg/pokemon_jpg/693.jpg,water,137
Generator,electric,normal,/home/chiragjishu/chirag/DiT/nanoDiT/dataset/pokemon_jpg/pokemon_jpg/694.jpg,electric_normal,33
Generator,electric,normal,/home/chiragjishu/chirag/DiT/nanoDiT/dataset/pokemon_jpg/pokemon_jpg/695.jpg,electric_normal,33
Royal,rock,dragon,/home/chiragjishu/chirag/DiT/nanoDiT/dataset/pokemon_jpg/pokemon_jpg/696.jpg,rock_dragon,118
Despot,rock,dragon,/home/chiragjishu/chirag/DiT/nanoDiT/dataset/pokemon_jpg/pokemon_jpg/697.jpg,rock_dragon,118
Tundra,rock,ice,/home/chiragjishu/chirag/DiT/nanoDiT/dataset/pokemon_jpg/pokemon_jpg/698.jpg,rock_ice,124
Tundra,rock,ice,/home/chiragjishu/chirag/DiT/nanoDiT/dataset/pokemon_jpg/pokemon_jpg/699.jpg,rock_ice,124
Intertwining,fairy,,/home/chiragjishu/chirag/DiT/nanoDiT/dataset/pokemon_jpg/pokemon_jpg/700.jpg,fairy,35
Wrestling,fighting,flying,/home/chiragjishu/chirag/DiT/nanoDiT/dataset/pokemon_jpg/pokemon_jpg/701.jpg,fighting_flying,39
Antenna,electric,fairy,/home/chiragjishu/chirag/DiT/nanoDiT/dataset/pokemon_jpg/pokemon_jpg/702.jpg,electric_fairy,30
Jewel,rock,fairy,/home/chiragjishu/chirag/DiT/nanoDiT/dataset/pokemon_jpg/pokemon_jpg/703.jpg,rock_fairy,119
Soft,dragon,,/home/chiragjishu/chirag/DiT/nanoDiT/dataset/pokemon_jpg/pokemon_jpg/704.jpg,dragon,21
Soft,dragon,,/home/chiragjishu/chirag/DiT/nanoDiT/dataset/pokemon_jpg/pokemon_jpg/705.jpg,dragon,21
Dragon,dragon,,/home/chiragjishu/chirag/DiT/nanoDiT/dataset/pokemon_jpg/pokemon_jpg/706.jpg,dragon,21
Key,steel,fairy,/home/chiragjishu/chirag/DiT/nanoDiT/dataset/pokemon_jpg/pokemon_jpg/707.jpg,steel_fairy,130
Stump,ghost,grass,/home/chiragjishu/chirag/DiT/nanoDiT/dataset/pokemon_jpg/pokemon_jpg/708.jpg,ghost_grass,60
Elder,ghost,grass,/home/chiragjishu/chirag/DiT/nanoDiT/dataset/pokemon_jpg/pokemon_jpg/709.jpg,ghost_grass,60
Pumpkin,ghost,grass,/home/chiragjishu/chirag/DiT/nanoDiT/dataset/pokemon_jpg/pokemon_jpg/710.jpg,ghost_grass,60
Pumpkin,ghost,grass,/home/chiragjishu/chirag/DiT/nanoDiT/dataset/pokemon_jpg/pokemon_jpg/711.jpg,ghost_grass,60
Ice,ice,,/home/chiragjishu/chirag/DiT/nanoDiT/dataset/pokemon_jpg/pokemon_jpg/712.jpg,ice,85
Iceberg,ice,,/home/chiragjishu/chirag/DiT/nanoDiT/dataset/pokemon_jpg/pokemon_jpg/713.jpg,ice,85
Sound,flying,dragon,/home/chiragjishu/chirag/DiT/nanoDiT/dataset/pokemon_jpg/pokemon_jpg/714.jpg,flying_dragon,54
Sound,flying,dragon,/home/chiragjishu/chirag/DiT/nanoDiT/dataset/pokemon_jpg/pokemon_jpg/715.jpg,flying_dragon,54
Life,fairy,,/home/chiragjishu/chirag/DiT/nanoDiT/dataset/pokemon_jpg/pokemon_jpg/716.jpg,fairy,35
Destruction,dark,flying,/home/chiragjishu/chirag/DiT/nanoDiT/dataset/pokemon_jpg/pokemon_jpg/717.jpg,dark_flying,16
Order,dragon,ground,/home/chiragjishu/chirag/DiT/nanoDiT/dataset/pokemon_jpg/pokemon_jpg/718.jpg,dragon_ground,25
Jewel,rock,fairy,/home/chiragjishu/chirag/DiT/nanoDiT/dataset/pokemon_jpg/pokemon_jpg/719.jpg,rock_fairy,119
Mischief,psychic,ghost,/home/chiragjishu/chirag/DiT/nanoDiT/dataset/pokemon_jpg/pokemon_jpg/720.jpg,psychic_ghost,113
Steam,fire,water,/home/chiragjishu/chirag/DiT/nanoDiT/dataset/pokemon_jpg/pokemon_jpg/721.jpg,fire_water,52
Grass,grass,flying,/home/chiragjishu/chirag/DiT/nanoDiT/dataset/pokemon_jpg/pokemon_jpg/722.jpg,grass_flying,66
